model_id,model_family,feature_set,protocol,augmentation,paper_id,paper_label,n_predictions,n_unique_rows,R2,RMSE,MAE,MAPE,MBE,NRMSE,n
mlp_log_target_sqrt,mlp,all,extrapolation_grouped,rd,citation::andracchio charles r and thomas h cochran burning of solids in oxygen rich environments in normal and reduced gravity nasa technical memorandum x 3055 national aeronautics and space administration may 1974,"Andracchio, Charles R., and Thomas H. Cochran. Burning of Solids in Oxygen-Rich Environments in Normal and Reduced Gravi",36,18,-25.6416871543651,0.1465295106058591,0.0762859975566502,153.05553937002884,0.0533996873306721,3.154941615915628,36
mlp_log_target_sqrt,mlp,all,extrapolation_grouped,rd,doi::10.1016/j.combustflame.2020.12.005,"Carney, Ama, Yanjun Li, Ya-Ting Liao, Sandra Olson, and Paul Ferkul. ""Concurrent-flow flame spread over thin discrete fu",16,8,-14.254282859067914,0.1372692715128321,0.1321037348495562,93.46597049689552,-0.1321037348495562,0.9804947965202296,16
mlp_log_target_sqrt,mlp,all,extrapolation_grouped,rd,doi::10.1007/s10694-019-00878-w,"Vetturini, Anthony, Wohan Cui, Ya-Ting Liao, Sandra Olson, and Paul Ferkul. ""Flame Spread Over Ultra-thin Solids: Effect",44,11,-1.844885459131766,0.0908205096522274,0.0737406565239254,97.39453973445528,-0.0729783453223568,1.1524115886197963,44
mlp_log_target_sqrt,mlp,all,extrapolation_grouped,rd,doi::10.1016/j.combustflame.2022.112009,"Rojas-Alva, Ulises, Frederik Møller-Poulsen, Sze-Lok Man, Cameron Creamer, David Hanna, and Grunde Jomaas. ""Flame Spread",90,45,-224.26807230668237,0.0403734459998389,0.0349131721403074,3315.443687885743,0.0347670444924382,19.080078449829397,90
mlp_log_target_sqrt,mlp,all,extrapolation_grouped,rd,doi::10.1016/j.combustflame.2022.112559,"Olson, Sandra L., et al. “The Effect of Duct Size, Sample Size, and Fuel Composition on Concurrent Flame Spread over Lar",16,8,-1151.6571246829965,0.0337379446710148,0.023622833028556,927.0324384473892,0.0236095478335136,11.436591413903338,16
mlp_log_target_sqrt,mlp,all,extrapolation_grouped,rd,citation::kimzey john howard flammability during weightlessness nasa technical memorandum nasa tm x 58001 may 1966,"Kimzey, John Howard. ""Flammability During Weightlessness."" NASA Technical Memorandum NASA TM X-58001, May 1966.",15,15,-15.924983472498,0.0323070546900248,0.0294832909120351,750.3437623197655,0.0294832909120351,3.4816137678739314,15
mlp_log_target_sqrt,mlp,all,extrapolation_grouped,rd,doi::10.1080/00102200490276773,"Olson, Sandra L., et al. “Sounding Rocket Microgravity Experiments Elucidating Diffusive and Radiative Transport Effects",162,54,-2.5134802811236536,0.0297279692101581,0.0230869388112043,125.96070385505568,0.007034261653547,1.1135615547645243,162
mlp_log_target_sqrt,mlp,all,extrapolation_grouped,rd,citation::andracchio charles r and thomas h cochran gravity effects on flame spreading over solid surfaces nasa technical note d 8228 national aeronautics and space administration may 1976,"Andracchio, Charles R., and Thomas H. Cochran. Gravity Effects on Flame Spreading over Solid Surfaces. NASA Technical No",134,67,-0.6712068038003611,0.0291918067344349,0.0216899053504344,60.04960493517878,-0.0207006049671904,0.9212241774796966,134
mlp_log_target_sqrt,mlp,all,extrapolation_grouped,rd,citation::takahashi shuhei takeshi nagumo kazunori wakai and subrata bhattacharjee effects of ambient condition on flame spread over a thin pmma sheet jsme international journal series b 43 4 2000 556 562,"Takahashi Shuhei, Takeshi Nagumo, Kazunori Wakai, and Subrata Bhattacharjee. ""Effects of Ambient Condition on Flame Spre",465,93,-2.160107392881992,0.0239111000600813,0.0094990890063111,3590.2923207614194,-0.0011402937002767,3.62519734857202,465
mlp_log_target_sqrt,mlp,all,extrapolation_grouped,rd,doi::10.1016/j.combustflame.2009.01.015,"Olson, Sandra L., et al. “Experimental Comparison of Opposed and Concurrent Flame Spread in a Forced Convective 0 Enviro",208,52,-2.453218865690556,0.0238538087037957,0.0191428486331176,120.53420780045836,-0.0135564430757141,1.120909138439705,208
mlp_log_target_sqrt,mlp,all,extrapolation_grouped,rd,citation::son youngjin paul d ronney and suleyman gokoglu comparison of carbon dioxide and helium as fire extinguishing agents for spacecraft nasa cp 2004 213205 vol2 2004 pp 409 418,"Son, Youngjin, Paul D. Ronney, and Suleyman Gokoglu. ""Comparison of Carbon Dioxide and Helium as Fire Extinguishing Agen",89,89,0.0603039230094132,0.0199959119687993,0.0147737799261437,99.68708779397272,-0.0016457035104595,0.750945695198509,89
mlp_log_target_sqrt,mlp,all,extrapolation_grouped,rd,citation::ferkul paul v an experimental study of opposed flow diffusion flame extinction over a thin fuel in 0 nasa cr 182185 1989,"Ferkul, Paul V. 'An Experimental Study of Opposed Flow Diffusion Flame Extinction Over a Thin Fuel in 0.' NASA CR-182185",8,8,-80.28049955593417,0.01961501630626,0.019552640595318,618.0131159350568,0.019552640595318,4.769608828269922,8
mlp_log_target_sqrt,mlp,all,extrapolation_grouped,rd,doi::10.1016/s1540-7489(02)80315-7,"Son, Youngjin, and Paul D. Ronney. ""Radiation-Driven Flame Spread over Thermally Thick Fuels in Quiescent 0 Environments",80,40,-0.1260033691608102,0.018952373454243,0.0160902157000935,141.72589734356572,0.0013964098662757,0.6631283300266126,80
mlp_log_target_sqrt,mlp,all,extrapolation_grouped,rd,doi::10.1016/j.combustflame.2020.12.042,"Li, Yanjun, et al. ""Experimental study of concurrent-flow flame spread over thin solids in confined space in 0."" Combust",8,4,-2307.022545477206,0.0174875094646358,0.0149962349229679,905.791375339858,0.0149962349229679,9.99286255122051,8
mlp_log_target_sqrt,mlp,all,extrapolation_grouped,rd,citation::olson s l and j s t ien near limit flame spread over a thin solid fuel in 0 symposium international on combustion vol 22 no 1 1988 pp 1213 1222 the combustion institute,"Olson, S. L., and J. S. T’ien. “Near-Limit Flame Spread over a Thin Solid Fuel in 0.” Symposium (International) on Combu",120,60,0.1231503414665489,0.0164580810365823,0.0130510425752664,123.7303853952878,0.0020544716990649,0.7673719049725998,120
mlp_log_target_sqrt,mlp,all,extrapolation_grouped,rd,doi::10.1016/j.combustflame.2009.01.015,"Olson, S. L., et al. ""Flame Spread over Thin Fuels in Actual and Simulated Microgravity Conditions."" Combustion and Flam",212,53,-505.6583282463988,0.0140177927410666,0.0114239448879676,3715.784427734972,0.0114239448879676,13.388773027149616,212
mlp_log_target_sqrt,mlp,all,extrapolation_grouped,rd,citation::friedman robert brian jackson and sandra olson testing and selection of fire resistant materials for spacecraft use nasa technical memorandum 2000 209773 mar 2000 nasa sti program office glenn research center cleveland ohio,"Friedman, Robert, Brian Jackson, and Sandra Olson. ""Testing and Selection of Fire-Resistant Materials for Spacecraft Use",152,76,0.4157995499164725,0.0135541079466266,0.0101193323382034,71.19257276132863,-0.0039168946022657,0.5912369878572153,152
mlp_log_target_sqrt,mlp,all,extrapolation_grouped,rd,doi::10.1016/s1540-7489(02)80314-5,"Takahashi, Shuhei, Manabu Kondou, Kazunori Wakai, and Subrata Bhattacharjee. ""Effect of radiation loss on flame spread o",138,69,-0.0235656869991809,0.0123426337907177,0.0094427831445059,137.72517720961508,-0.0030109044681318,1.037625775573279,138
mlp_log_target_sqrt,mlp,all,extrapolation_grouped,rd,doi::10.1016/j.combustflame.2008.05.023,"Kleinhenz, Julie, et al. ""Pressure modeling of upward flame spread and burning rates over solids in partial gravity."" Co",56,56,-102.19762434408555,0.0121121363640351,0.0120219581885647,461.99009901269,0.0120219581885647,3.743265101467815,56
mlp_log_target_sqrt,mlp,all,extrapolation_grouped,rd,doi::10.1016/j.proci.2018.06.022,"Takahashi, Shuhei, et al. “Effect of Ambient Gas on Flame Spread over a Solid Material in Microgravity.” Journal of the ",81,81,-64.12979354529277,0.0108189187829709,0.0102013939572966,529.1514731769653,0.0102013939572966,3.801876014840099,81
mlp_log_target_sqrt,mlp,all,extrapolation_grouped,rd,citation::mell w e s l olson and t kashiwagi flame spread along free edges of thermally thin samples in 0 proceedings of the combustion institute vol 28 no 2 2000 pp 2843 2849,"Mell, W. E., S. L. Olson, and T. Kashiwagi. ""Flame Spread along Free Edges of Thermally Thin Samples in 0."" Proceedings ",44,11,-394.652637926164,0.0107207955110287,0.0100221404945571,546.8732230802242,0.0100221404945571,5.397196824774211,44
mlp_log_target_sqrt,mlp,all,extrapolation_grouped,rd,citation::takahashi shuhei et al effect of ambient gas on flame spread over a solid material in microgravity journal of the japanese society for microgravity application vol 24 no 3 2007 pp 225 230,"Takahashi, Shuhei, et al. “Effect of Ambient Gas on Flame Spread over a Solid Material in Microgravity.” Journal of the ",28,14,-8.489569350040412,0.010556425941774,0.0084437162684424,219.1983226474472,0.0084270518423036,1.6555389625275767,28
mlp_log_target_sqrt,mlp,all,extrapolation_grouped,rd,citation::s nchez tarifa c and m rodr guez combustion and flammability characteristics of solids at microgravity in very small velocity flows second european symposium on utilisation of the international space station nov 1998,"Sánchez-Tarifa, C., and M. Rodríguez. ""Combustion and Flammability Characteristics of Solids at Microgravity in Very Sma",26,13,-49.48942063772287,0.0097632187887192,0.0078565272894225,736.2781388892258,0.0068687132020568,5.5063706834425545,26
mlp_log_target_sqrt,mlp,all,extrapolation_grouped,rd,doi::10.1016/s0010-2180(00)00249-2,"Olson, Sandra L., et al. “Experimental Observations of Spot Radiative Ignition and Subsequent Three-Dimensional Flame Sp",160,40,-16.1233421603871,0.0091028797720956,0.007872497938829,623.795485467125,0.007872497938829,3.231122467688583,160
mlp_log_target_sqrt,mlp,all,extrapolation_grouped,rd,doi::10.1007/s12217-018-9655-0,"Zhu, Feng, Shuangfeng Wang, and Zhanbin Lu. ""A Comparative Study of Near-Limit Flame Spread Over a Thick Solid in Space-",172,43,-731.8891698979094,0.0078457449709715,0.0072377953494429,6996.1423837549855,0.0072377953494429,28.06714091112964,172
mlp_log_target_sqrt,mlp,all,extrapolation_grouped,rd,citation::s nchez tarifa c and g l pez juste a study of the combustion problems of solid materials at conditions existing in space stations esa sp 433 1999,"Sánchez-Tarifa, C., and G. López Juste. 'A Study of the Combustion Problems of Solid Materials at Conditions Existing in",33,11,-420.7102047833436,0.007156621210612,0.006592078534696,1592.6455616829726,0.006592078534696,10.399317479092849,33
mlp_log_target_sqrt,mlp,all,extrapolation_grouped,rd,citation::grayson g d k r sacksteder p v ferkul and j s t ien flame spreading over a thin solid in low speed concurrent flow drop tower experimental results and comparison with theory 0 science and technology vii 2 1994,"Grayson, G. D., K. R. Sacksteder, P. V. Ferkul, and J. S. T’ien. 'Flame Spreading Over a Thin Solid in Low-speed Concurr",72,18,-9.631121849471592,0.0071082368811099,0.0057760464223502,138.1543527825029,0.0057707218635052,1.3425840908707136,72
mlp_log_target_sqrt,mlp,all,extrapolation_grouped,rd,doi::10.1016/j.proci.2016.06.028,"Zhao, Xiaoyang, et al. 'Concurrent flame growth, spread, and quenching over composite fabric samples in low speed purely",10,10,-83.74745455959807,0.0069302598209077,0.0068986833562654,598.1956970292717,0.0068986833562654,4.635625298266048,10
mlp_log_target_sqrt,mlp,all,extrapolation_grouped,rd,doi::10.1016/j.proci.2014.07.017,Takahashi et al. “Simplified Model for Predicting Difference between Flammability Limits of a Thin Material in Normal Gr,369,123,-28.65942197125328,0.0065091633479601,0.004794195833103,3962.758874672615,0.0043893018756048,5.007361885040325,369
mlp_log_target_sqrt,mlp,all,extrapolation_grouped,rd,doi::10.1016/j.combustflame.2019.03.040,"Zhu, Feng, Zhanbin Lu, Shuangfeng Wang, and Yongli Yin. ""0 Diffusion Flame Spread over a Thick Solid in Step-Changed Low",24,8,-15761.25714954014,0.0063398545512753,0.0053005963233704,12169.39345193819,0.001692959568298,84.53139401700528,24
mlp_log_target_sqrt,mlp,all,extrapolation_grouped,rd,doi::10.1080/00102209108951711,"Olson, S. L., et al. “Mechanisms of Microgravity Flame Spread over a Thin Solid Fuel: Oxygen and Opposed Flow Effects.” ",60,30,-0.4282272771914981,0.0058682927714246,0.0048946140763509,56.49955906909625,0.001133338163984,0.4397701417434541,60
mlp_log_target_sqrt,mlp,all,extrapolation_grouped,rd,doi::10.1007/s12217-022-09945-4,"Zhu, Feng, Xinyan Huang, and Shuangfeng Wang. ""Flame Spread over Polyethylene Film: Effects of Gravity and Fuel Inclinat",33,11,-0.4590515175077136,0.0057874656254387,0.0048333096981078,80.42417899192176,-0.0020339841114725,0.6482904468414099,33
mlp_log_target_sqrt,mlp,all,extrapolation_grouped,rd,doi::10.1016/j.proci.2024.105199,"Yusuke Konno, Shoryu Ishikawa, Nozomu Hashimoto, and Osamu Fujita. ""Downward flame spread and extinction over electric w",68,17,-10.40235323243111,0.0053181545511681,0.0049175861535027,149.04226400815963,-0.0049175861535027,1.458203667255796,68
mlp_log_target_sqrt,mlp,all,extrapolation_grouped,rd,citation::urban david l interactions between flames on parallel solid surfaces nasa 0 combustion workshop n96 15588 1997,"Urban, David L. “Interactions between Flames on Parallel Solid Surfaces.” NASA 0 Combustion Workshop N96-15588 (1997)",10,10,-1.365717423572527,0.0051227146605144,0.0049615525459194,44.91804668718572,-0.0049615525459194,0.4146268442342768,10
mlp_log_target_sqrt,mlp,all,extrapolation_grouped,rd,doi::10.1016/j.proci.2024.105358,"Ries, Hans-Christoph, Christian Eigenbrod, and Florian Meyer. ""Effect of Oxygen Concentration, Pressure, and Opposed Flo",74,37,-84.75993692600484,0.0050413153253373,0.0049450024670364,243.013424839371,0.0049450024670364,2.3620193369314983,74
mlp_log_target_sqrt,mlp,all,extrapolation_grouped,rd,doi::10.1016/s0082-0784(89)80132-8,"Olson, S. L., and J. S. T’ien. “Near-Limit Flame Spread over a Thin Solid Fuel in Microgravity.” Symposium (Internationa",9,9,-4.719118254116727,0.0050000313473309,0.0046373064964843,157.3898300179757,0.0046373064964843,1.174942092062099,9
mlp_log_target_sqrt,mlp,all,extrapolation_grouped,rd,doi::10.1007/s12217-015-9419-z,"Wang, Shuangfeng, Jun Hu, Yuan Xiao, Tan Ren, and Feng Zhu. ""Opposed-flow Flame Spread Over Solid Fuels in Microgravity:",21,7,-7.329894648969843,0.0049345769865894,0.004297065387815,36.93723637016439,-0.0040176355894363,0.4321536207447321,21
mlp_log_target_sqrt,mlp,all,extrapolation_grouped,rd,citation::s nchez tarifa c and b l zaro experiments conducted on combustion at microgravity in the texus 38 sounding rocket results and conclusions first international symposium on microgravity research and applications on physical sciences and biotechnology 2000,"Sánchez-Tarifa, C., and B. Lázaro. ""Experiments Conducted on Combustion at Microgravity in the TEXUS-38 Sounding Rocket.",20,5,-1102.456402184982,0.0048302672977589,0.0041754299328227,691.3995092421095,0.0041754299328227,7.363212344144694,20
mlp_log_target_sqrt,mlp,all,extrapolation_grouped,rd,doi::10.1007/s10694-019-00896-8,"Wu, Chuanjia, Shuangfeng Wang, Feng Zhu, Xinyan Huang, and Yongli Yin. ""Opposed Flame Spread over Cylindrical PMMA Under",82,82,-57.8556223618256,0.0047017756557709,0.0034263774462529,1011.0959136922144,-0.0004360958700612,6.777036452332879,82
mlp_log_target_sqrt,mlp,all,extrapolation_grouped,rd,doi::10.1038/s41598-017-18398-4,"Takahashi, Shuhei, et al. “Effect of Ambient Gas on Flame Spread over a Solid Material in Microgravity.” Journal of the ",54,27,-63.3055203989163,0.0046650376090252,0.0036725552450295,397.0348115193392,0.0036204492136097,3.353461540034156,54
mlp_log_target_sqrt,mlp,all,extrapolation_grouped,rd,doi::10.1016/s0082-0784(06)80816-7,"Sacksteder, Kurt R., and James S. T’ien. “Buoyant Downward Diffusion Flame Spread and Extinction in Partial-Gravity Acce",37,37,-1.432797921533934,0.0046481899499961,0.0041437100298865,73.4574573337361,0.0040989978721183,0.5851355067700639,37
mlp_log_target_sqrt,mlp,all,extrapolation_grouped,rd,doi::10.1016/j.proci.2018.06.022,"Huang, Xinyan, Shmuel Link, Andy Rodriguez, Maria Thomsen, Sandra Olson, Paul Ferkul, and Carlos Fernandez-Pello. ""Trans",78,78,-10691.077025476025,0.0046129804041318,0.0044353298409822,8675.741135718146,0.004429784907477,68.27561129455155,78
mlp_log_target_sqrt,mlp,all,extrapolation_grouped,rd,citation::meyer florian jan hei meier hans christoph ries and christian eigenbrod sooting behavior in concurrent and upward burning of cylindrical pmma samples 52nd international conference on environmental systems ices 2023 171 calgary canada 16 20 july 2023,"Meyer, Florian, Jan Heißmeier, Hans?Christoph Ries, and Christian Eigenbrod. ""Sooting Behavior in Concurrent and Upward ",18,6,-83.10941901605989,0.0045510120627646,0.0036691580894289,217.20720934028955,0.0033605570930701,2.410068170925696,18
mlp_log_target_sqrt,mlp,all,extrapolation_grouped,rd,citation::nishizawa et al 2003 effect of low external flow on flame spreading over etfe wire under microgravity,Nishizawa et al. (2003) Effect of Low External Flow on Flame Spreading over ETFE Wire under Microgravity,12,12,-73.15399650490741,0.0045357010976277,0.0045160294659674,208.12121437289036,0.0045160294659674,1.979215024419363,12
mlp_log_target_sqrt,mlp,all,extrapolation_grouped,rd,doi::10.5802/crmeca.149,"Coimbra, Alain, et al. ""An engineering model for creeping flame spread over idealized electrical wires in 0."" Comptes Re",25,25,-326.9472397010937,0.0042756392422534,0.0042100378698911,330.89167262472625,-0.0042100378698911,3.2342203042764464,25
mlp_log_target_sqrt,mlp,all,extrapolation_grouped,rd,doi::10.1016/j.firesaf.2024.104329,"Ma, Yuxuan, Fangsi Ren, Taro Takemata, Shinji Nakaya, and Mitsuhiro Tsue. ""Near-Limit Downward/Opposed Flame Spread, Fla",106,106,-26.67109653627372,0.0041013810564641,0.0036432322020715,423.1105476994634,-0.0036432322020715,2.75679386166902,106
mlp_log_target_sqrt,mlp,all,extrapolation_grouped,rd,doi::10.1038/s41598-017-18398-4,"Link, Shmuel, Xinyan Huang, Carlos Fernandez-Pello, Sandra Olson, and Paul Ferkul. ""The Effect of Gravity on Flame Sprea",144,72,-20759.659206840388,0.0036390836426143,0.0026135543594665,8648.843675198132,0.0009967146929583,70.05722520541076,144
mlp_log_target_sqrt,mlp,all,extrapolation_grouped,rd,doi::10.1007/s12217-024-10147-3,"Kumar, Vipin, Prema Prescilla T., Amit Kumar, Akash Gupta, and Payal Sharma. ""An Experimental Study of Opposed Flame Spr",68,34,-3.754569911364277,0.003572682577945,0.0030765822417019,40.314523081018685,0.0025326758270014,0.4213361347559188,68
mlp_log_target_sqrt,mlp,all,extrapolation_grouped,rd,doi::10.1016/j.firesaf.2015.11.011,"Bhattacharjee, Subrata, Matthew Laue, Luca Carmignani, Paul Ferkul, and Sandra Olson. ""Opposed-Flow Flame Spread: A Comp",34,17,-1.516082234931914,0.0035564948101388,0.0029544139508527,136.41738146267625,-0.000414088539591,0.9144042917779824,34
mlp_log_target_sqrt,mlp,all,extrapolation_grouped,rd,doi::10.1080/01457632.2025.2529751,"Basavanahalli Vrushabhendra, Manu, Kambam Naresh, Amit Kumar, Akash Gupta, and Payal Sharma. ""Role of Heat Transfer on D",16,8,-1.7222833949834682,0.0035187576253854,0.0030626783288094,169.48136578587034,0.0025018766882563,1.075661482731507,16
mlp_log_target_sqrt,mlp,all,extrapolation_grouped,rd,doi::10.1016/j.proci.2024.105199,"Konno, Yusuke, et al. ""Downward flame spread and extinction over electric wires placed in a Ground."" Proceedings of the ",88,22,-3.826380561305202,0.0035131285523084,0.0028879650897038,94.84006522235244,-0.0017858222485045,0.9972752019456343,88
mlp_log_target_sqrt,mlp,all,extrapolation_grouped,rd,doi::10.1007/s12217-024-10106-y,"Sharma, Ankit, et al. ""Effects of Confinement on Opposed-Flow Flame Spread over Cellulose and Polymeric Solids in Microg",17,17,-38.50402789550219,0.0035104385741525,0.0033990284470544,2794.002468743221,0.0033990284470544,4.998111872746549,17
mlp_log_target_sqrt,mlp,all,extrapolation_grouped,rd,doi::10.1016/j.proci.2024.105775,"Kumar, Vipin, et al. ""Flame spread over thin circular ducts."" Proceedings of the Combustion Institute 40.1-4 (2024): 105",180,60,-3.139639069820604,0.0033720343406652,0.0028147304234817,36.72129459572599,0.0009715729275895,0.4188949262715911,180
mlp_log_target_sqrt,mlp,all,extrapolation_grouped,rd,doi::10.1016/j.proci.2016.06.025,"Bhattacharjee, Subrata, Ahmet Simsek, Frank Miller, Sandra L. Olson, and Paul V. Ferkul. ""Radiative, Thermal, and Kineti",80,20,-40.72297436426869,0.0033661039785464,0.0029442809695858,309.80738077482295,0.0028477932525518,2.554917630775323,80
mlp_log_target_sqrt,mlp,all,extrapolation_grouped,rd,doi::10.1007/s10694-019-00935-4,"Konno, Yusuke, et al. ""Opposed-Flow Flame Spread and Extinction in Electric Wires: The Effects of Gravity, External Radi",32,8,-407.3278374191051,0.0032644629794795,0.0026870066322816,611.8880972546796,0.0025882448076886,6.854515442476802,32
mlp_log_target_sqrt,mlp,all,extrapolation_grouped,rd,doi::10.1016/j.proci.2022.07.002,"Konno, Yusuke, Yutao Li, Jean-Marie Citerne, Guillaume Legros, Augustin Guibaud, Nozomu Hashimoto, and Osamu Fujita. ""Ex",148,74,-6.014927334922563,0.0030500404478278,0.0024975158687144,128.81526170691683,-0.0020257874155767,1.291207054572426,148
mlp_log_target_sqrt,mlp,all,extrapolation_grouped,rd,doi::10.1016/j.proci.2024.105255,"Li, Yutao, et al. ""Cyclic pattern along the downward flame spread over Cylindrical samples in partial gravity."" Proceedi",55,11,-140.71023711950912,0.0029754033332172,0.002248605999533,138.3431045584836,0.002248605999533,1.7605936882942588,55
mlp_log_target_sqrt,mlp,all,extrapolation_grouped,rd,doi::10.1016/s0082-0784(98)80017-6,"Kikuchi, Masao, et al. ""Experimental Study on Flame Spread Over Wire Insulation in Microgravity."" Twenty-Seventh Symposi",152,38,-2.351416536819399,0.0029053434665541,0.0024079002572609,58.71517270973591,-0.000383484795014,0.7150456718203282,152
mlp_log_target_sqrt,mlp,all,extrapolation_grouped,rd,doi::10.1016/j.combustflame.2020.07.044,"Guibaud, Augustin, Jean-Marie Citerne, Jean-Louis Consalvi, and Guillaume Legros. ""On the Effects of Opposed Flow Condit",91,91,-319.1796540785416,0.0024141724421887,0.0024103976746372,186.22227321615483,0.0024103976746372,1.8356424819450137,91
mlp_log_target_sqrt,mlp,all,extrapolation_grouped,rd,doi::10.1016/s0082-0784(98)80102-1,"Kikuchi, Masao, et al. ""Experimental Study on Flame Spread Over Wire Insulation in Microgravity."" Twenty-Seventh Symposi",1,1,,0.0018244117151376,0.0018244117151376,43.43837416994285,-0.0018244117151376,0.4343837416994285,1
mlp_log_target_sqrt,mlp,all,extrapolation_grouped,rd,citation::ferkul paul v et al combustion experiments on the mir space station 37th aerospace sciences meeting and exhibit american institute of aeronautics and astronautics 1999 paper aiaa 99 0439,"Ferkul, Paul V., et al. “Combustion Experiments on the Mir Space Station.” 37th Aerospace Sciences Meeting and Exhibit, ",8,4,-64.65319663161371,0.0016704073924775,0.0013438414905934,104.32024945173836,0.0013438414905934,1.2373388092426152,8
mlp_log_target_sqrt,mlp,all,extrapolation_grouped,rd,doi::10.1016/j.firesaf.2023.103989,"Konno, Yusuke, et al. ""Application of ISO 4589-4 to determine limiting oxygen concentrations for opposed-flow flame spre",386,193,-2.010715833619812,0.0014569357426302,0.0011973064896684,49.44271134912041,-0.000621352230758,0.5942278071167456,386
mlp_log_target_sqrt,mlp,all,extrapolation_grouped,rd,doi::10.1016/j.proci.2018.05.007,"Nagachi, Masashi, et al. ""Can a spreading flame over electric wire insulation in concurrent flow achieve steady propagat",60,30,-3.9551667324082382,0.0012188125077171,0.0010019113271044,39.90415006717776,-0.0002419253303296,0.4587750970077229,60
mlp_log_target_sqrt,mlp,all,extrapolation_grouped,rd,doi::10.1016/j.combustflame.2020.09.003,"Guibaud, Augustin, Jean-Louis Consalvi, Jean-Marie Citerne, and Guillaume Legros. ""Pressure Effects on the Soot Producti",12,6,-1337.913041574173,0.0008624619288132,0.0008400771345439,60.152143100748624,0.0008400771345439,0.6175145075035398,12
