model_id,model_family,feature_set,protocol,augmentation,metric,estimate,ci_low,ci_high,confidence_level,iterations,resampling_unit,repeat_aggregation
knn_distance,knn,all,extrapolation_grouped,rd,RMSE,0.0141983583657553,0.0090868496738006,0.0200574758267991,0.95,2000,canonical_paper,mean prediction per row before resampling
knn_distance,knn,all,extrapolation_grouped,rd,MAE,0.0058139422949562,0.003728374468648,0.008571518588616,0.95,2000,canonical_paper,mean prediction per row before resampling
knn_distance,knn,all,extrapolation_grouped,rd,R2,0.2688318255036312,0.0464556510453079,0.5000124202776673,0.95,2000,canonical_paper,mean prediction per row before resampling
knn_distance,knn,all,extrapolation_grouped,rd_bt,RMSE,0.0147401695316102,0.0094533253490256,0.0199667364512414,0.95,2000,canonical_paper,mean prediction per row before resampling
knn_distance,knn,all,extrapolation_grouped,rd_bt,MAE,0.0060985687420721,0.0036984680823868,0.0089045834807527,0.95,2000,canonical_paper,mean prediction per row before resampling
knn_distance,knn,all,extrapolation_grouped,rd_bt,R2,0.2119641602614785,-0.1319863360171871,0.4625496378827949,0.95,2000,canonical_paper,mean prediction per row before resampling
knn_distance,knn,all,interpolation_random,rd,RMSE,0.0089713799175167,0.0079608792720867,0.0100775028733552,0.95,2000,unique_row_id,mean prediction per row before resampling
knn_distance,knn,all,interpolation_random,rd,MAE,0.0033022073126219,0.0029764959403222,0.0036322376972281,0.95,2000,unique_row_id,mean prediction per row before resampling
knn_distance,knn,all,interpolation_random,rd,R2,0.7377651455143341,0.6809819919281294,0.7838628419743077,0.95,2000,unique_row_id,mean prediction per row before resampling
knn_distance,knn,all,interpolation_random,rd_bt,RMSE,0.0082833118324054,0.0073954934432051,0.0091751891068457,0.95,2000,unique_row_id,mean prediction per row before resampling
knn_distance,knn,all,interpolation_random,rd_bt,MAE,0.003090320331519,0.0027782050896898,0.0034042876829259,0.95,2000,unique_row_id,mean prediction per row before resampling
knn_distance,knn,all,interpolation_random,rd_bt,R2,0.7764472895055999,0.7224855509453543,0.8201750534374199,0.95,2000,unique_row_id,mean prediction per row before resampling
knn_distance_inverse,knn,all,extrapolation_grouped,rd,RMSE,0.0143134858832273,0.0093816140126818,0.0195478054204304,0.95,2000,canonical_paper,mean prediction per row before resampling
knn_distance_inverse,knn,all,extrapolation_grouped,rd,MAE,0.0057840134445045,0.0037725644700233,0.0082104101010835,0.95,2000,canonical_paper,mean prediction per row before resampling
knn_distance_inverse,knn,all,extrapolation_grouped,rd,R2,0.2569263851802974,-0.0333289894152987,0.5048889527351679,0.95,2000,canonical_paper,mean prediction per row before resampling
knn_distance_inverse,knn,all,extrapolation_grouped,rd_bt,RMSE,0.0138109408989792,0.0090688426373792,0.0191058520890888,0.95,2000,canonical_paper,mean prediction per row before resampling
knn_distance_inverse,knn,all,extrapolation_grouped,rd_bt,MAE,0.0056471852648787,0.0037000244721945,0.0080775447852925,0.95,2000,canonical_paper,mean prediction per row before resampling
knn_distance_inverse,knn,all,extrapolation_grouped,rd_bt,R2,0.3081888677900475,0.0558600129036287,0.5269031949088654,0.95,2000,canonical_paper,mean prediction per row before resampling
knn_distance_inverse,knn,all,interpolation_random,rd,RMSE,0.0087532551416706,0.0078126794966855,0.0097340155690814,0.95,2000,unique_row_id,mean prediction per row before resampling
knn_distance_inverse,knn,all,interpolation_random,rd,MAE,0.0034200384259032,0.0031140265787187,0.0037628685107658,0.95,2000,unique_row_id,mean prediction per row before resampling
knn_distance_inverse,knn,all,interpolation_random,rd,R2,0.750361771012855,0.6865728074166955,0.7994676691141814,0.95,2000,unique_row_id,mean prediction per row before resampling
knn_distance_inverse,knn,all,interpolation_random,rd_bt,RMSE,0.0083571206574726,0.0074529709351764,0.0093109258715847,0.95,2000,unique_row_id,mean prediction per row before resampling
knn_distance_inverse,knn,all,interpolation_random,rd_bt,MAE,0.0032295660842703,0.0029226823063978,0.0035628218899237,0.95,2000,unique_row_id,mean prediction per row before resampling
knn_distance_inverse,knn,all,interpolation_random,rd_bt,R2,0.7724455868142718,0.7205270854365117,0.813774981182149,0.95,2000,unique_row_id,mean prediction per row before resampling
knn_distance_sqrt,knn,all,extrapolation_grouped,rd,RMSE,0.0153067324198338,0.0093750269990215,0.0209541583298774,0.95,2000,canonical_paper,mean prediction per row before resampling
knn_distance_sqrt,knn,all,extrapolation_grouped,rd,MAE,0.0060502181904627,0.0036726684253747,0.0088647288746944,0.95,2000,canonical_paper,mean prediction per row before resampling
knn_distance_sqrt,knn,all,extrapolation_grouped,rd,R2,0.1502210026902779,-0.3876997208289078,0.4868095524958756,0.95,2000,canonical_paper,mean prediction per row before resampling
knn_distance_sqrt,knn,all,extrapolation_grouped,rd_bt,RMSE,0.0139593011064056,0.0089349488772647,0.0193149726877905,0.95,2000,canonical_paper,mean prediction per row before resampling
knn_distance_sqrt,knn,all,extrapolation_grouped,rd_bt,MAE,0.0056443774359639,0.0036346981880135,0.0081570229348607,0.95,2000,canonical_paper,mean prediction per row before resampling
knn_distance_sqrt,knn,all,extrapolation_grouped,rd_bt,R2,0.2932458570411674,0.0355469327390434,0.5346474202173613,0.95,2000,canonical_paper,mean prediction per row before resampling
knn_distance_sqrt,knn,all,interpolation_random,rd,RMSE,0.0088310466824667,0.0078298603593587,0.0098354600985254,0.95,2000,unique_row_id,mean prediction per row before resampling
knn_distance_sqrt,knn,all,interpolation_random,rd,MAE,0.0033257555502591,0.0029994597776094,0.0036625471763855,0.95,2000,unique_row_id,mean prediction per row before resampling
knn_distance_sqrt,knn,all,interpolation_random,rd,R2,0.7459049066131013,0.6819154712064751,0.7972495640496007,0.95,2000,unique_row_id,mean prediction per row before resampling
knn_distance_sqrt,knn,all,interpolation_random,rd_bt,RMSE,0.0084743646012576,0.0074204790418669,0.0094300605339946,0.95,2000,unique_row_id,mean prediction per row before resampling
knn_distance_sqrt,knn,all,interpolation_random,rd_bt,MAE,0.003142820076155,0.0028121384636499,0.0034713646221662,0.95,2000,unique_row_id,mean prediction per row before resampling
knn_distance_sqrt,knn,all,interpolation_random,rd_bt,R2,0.7660159746434684,0.7121059524903022,0.8104928195849326,0.95,2000,unique_row_id,mean prediction per row before resampling
knn_uniform,knn,all,extrapolation_grouped,rd,RMSE,0.0141983583657553,0.0090681731599014,0.0196424944494994,0.95,2000,canonical_paper,mean prediction per row before resampling
knn_uniform,knn,all,extrapolation_grouped,rd,MAE,0.0058139422949562,0.0036248195039329,0.0085421455676021,0.95,2000,canonical_paper,mean prediction per row before resampling
knn_uniform,knn,all,extrapolation_grouped,rd,R2,0.2688318255036312,0.0427246607156355,0.4933224224965532,0.95,2000,canonical_paper,mean prediction per row before resampling
knn_uniform,knn,all,extrapolation_grouped,rd_bt,RMSE,0.0147079987105152,0.009395441414591,0.0206314949240499,0.95,2000,canonical_paper,mean prediction per row before resampling
knn_uniform,knn,all,extrapolation_grouped,rd_bt,MAE,0.006036249653832,0.0039001421095157,0.0087125403904441,0.95,2000,canonical_paper,mean prediction per row before resampling
knn_uniform,knn,all,extrapolation_grouped,rd_bt,R2,0.2154002258385156,-0.0245845005501816,0.4641085659925938,0.95,2000,canonical_paper,mean prediction per row before resampling
knn_uniform,knn,all,interpolation_random,rd,RMSE,0.0086553078621272,0.0077416860780184,0.0095873094262166,0.95,2000,unique_row_id,mean prediction per row before resampling
knn_uniform,knn,all,interpolation_random,rd,MAE,0.003251599182369,0.0029334826185262,0.0036053327761421,0.95,2000,unique_row_id,mean prediction per row before resampling
knn_uniform,knn,all,interpolation_random,rd,R2,0.7559173230452687,0.6983775794482675,0.802843038835237,0.95,2000,unique_row_id,mean prediction per row before resampling
knn_uniform,knn,all,interpolation_random,rd_bt,RMSE,0.0084729887596002,0.0075636646450742,0.009303726340612,0.95,2000,unique_row_id,mean prediction per row before resampling
knn_uniform,knn,all,interpolation_random,rd_bt,MAE,0.0031557992856887,0.0028425344564344,0.0034863681295061,0.95,2000,unique_row_id,mean prediction per row before resampling
knn_uniform,knn,all,interpolation_random,rd_bt,R2,0.7660919446663792,0.7111898110966703,0.8086854089558475,0.95,2000,unique_row_id,mean prediction per row before resampling
knn_uniform_inverse,knn,all,extrapolation_grouped,rd,RMSE,0.0143134858832273,0.0093639760025939,0.0195435447019779,0.95,2000,canonical_paper,mean prediction per row before resampling
knn_uniform_inverse,knn,all,extrapolation_grouped,rd,MAE,0.0057840134445045,0.0037194071640081,0.0081342686425792,0.95,2000,canonical_paper,mean prediction per row before resampling
knn_uniform_inverse,knn,all,extrapolation_grouped,rd,R2,0.2569263851802974,-0.0528033292696834,0.5000762117882847,0.95,2000,canonical_paper,mean prediction per row before resampling
knn_uniform_inverse,knn,all,extrapolation_grouped,rd_bt,RMSE,0.0140758917531066,0.0094121336040237,0.0192667371825998,0.95,2000,canonical_paper,mean prediction per row before resampling
knn_uniform_inverse,knn,all,extrapolation_grouped,rd_bt,MAE,0.0057280192501189,0.0037081265072141,0.0083094530135215,0.95,2000,canonical_paper,mean prediction per row before resampling
knn_uniform_inverse,knn,all,extrapolation_grouped,rd_bt,R2,0.2813906737801455,0.0353193394578171,0.4914721194150298,0.95,2000,canonical_paper,mean prediction per row before resampling
knn_uniform_inverse,knn,all,interpolation_random,rd,RMSE,0.0088857704178226,0.0080029664642411,0.0097592544824639,0.95,2000,unique_row_id,mean prediction per row before resampling
knn_uniform_inverse,knn,all,interpolation_random,rd,MAE,0.0035191431228249,0.003190137691127,0.0038450519170464,0.95,2000,unique_row_id,mean prediction per row before resampling
knn_uniform_inverse,knn,all,interpolation_random,rd,R2,0.7427460249740572,0.6820131924130532,0.7877910036984852,0.95,2000,unique_row_id,mean prediction per row before resampling
knn_uniform_inverse,knn,all,interpolation_random,rd_bt,RMSE,0.0089061635515,0.007875897792416,0.0099464175257098,0.95,2000,unique_row_id,mean prediction per row before resampling
knn_uniform_inverse,knn,all,interpolation_random,rd_bt,MAE,0.0033847060219816,0.0030386425338451,0.0037445770364232,0.95,2000,unique_row_id,mean prediction per row before resampling
knn_uniform_inverse,knn,all,interpolation_random,rd_bt,R2,0.7415638574023267,0.6863580110069338,0.7913002633892635,0.95,2000,unique_row_id,mean prediction per row before resampling
knn_uniform_sqrt,knn,all,extrapolation_grouped,rd,RMSE,0.0153067324198338,0.0095182229229675,0.0210603472806696,0.95,2000,canonical_paper,mean prediction per row before resampling
knn_uniform_sqrt,knn,all,extrapolation_grouped,rd,MAE,0.0060502181904627,0.0038261824070213,0.0089298501308257,0.95,2000,canonical_paper,mean prediction per row before resampling
knn_uniform_sqrt,knn,all,extrapolation_grouped,rd,R2,0.1502210026902779,-0.4156263708888074,0.4982691961240678,0.95,2000,canonical_paper,mean prediction per row before resampling
knn_uniform_sqrt,knn,all,extrapolation_grouped,rd_bt,RMSE,0.0147540120723811,0.0093207894902105,0.0201076030814167,0.95,2000,canonical_paper,mean prediction per row before resampling
knn_uniform_sqrt,knn,all,extrapolation_grouped,rd_bt,MAE,0.0058260105113039,0.0036705908156515,0.0085376505455573,0.95,2000,canonical_paper,mean prediction per row before resampling
knn_uniform_sqrt,knn,all,extrapolation_grouped,rd_bt,R2,0.2104833712810663,-0.2685303187773303,0.52644389508656,0.95,2000,canonical_paper,mean prediction per row before resampling
knn_uniform_sqrt,knn,all,interpolation_random,rd,RMSE,0.0087226327181551,0.0077768719630227,0.0096734308466338,0.95,2000,unique_row_id,mean prediction per row before resampling
knn_uniform_sqrt,knn,all,interpolation_random,rd,MAE,0.0032109393569034,0.0028839303656963,0.0035619635464643,0.95,2000,unique_row_id,mean prediction per row before resampling
knn_uniform_sqrt,knn,all,interpolation_random,rd,R2,0.7521053865311893,0.6856649808632568,0.8017595287856726,0.95,2000,unique_row_id,mean prediction per row before resampling
knn_uniform_sqrt,knn,all,interpolation_random,rd_bt,RMSE,0.008216750821074,0.0072987021120856,0.0091949246124914,0.95,2000,unique_row_id,mean prediction per row before resampling
knn_uniform_sqrt,knn,all,interpolation_random,rd_bt,MAE,0.0030207196672415,0.0027066725066989,0.0033644214374584,0.95,2000,unique_row_id,mean prediction per row before resampling
knn_uniform_sqrt,knn,all,interpolation_random,rd_bt,R2,0.7800255950644792,0.7246813904917937,0.823027664778107,0.95,2000,unique_row_id,mean prediction per row before resampling
mlp_log_target_inverse,mlp,all,extrapolation_grouped,rd,RMSE,0.019662818478936,0.0128108073285889,0.028105590930001,0.95,2000,canonical_paper,mean prediction per row before resampling
mlp_log_target_inverse,mlp,all,extrapolation_grouped,rd,MAE,0.0107939038411299,0.0083278683978237,0.0137203169911642,0.95,2000,canonical_paper,mean prediction per row before resampling
mlp_log_target_inverse,mlp,all,extrapolation_grouped,rd,R2,-0.4022729368927191,-1.5855790013598088,0.1056171419458822,0.95,2000,canonical_paper,mean prediction per row before resampling
mlp_log_target_inverse,mlp,all,extrapolation_grouped,rd_bt,RMSE,0.0173946580083889,0.0116492126249195,0.0233952075530728,0.95,2000,canonical_paper,mean prediction per row before resampling
mlp_log_target_inverse,mlp,all,extrapolation_grouped,rd_bt,MAE,0.0091893691874037,0.0070019369868854,0.0116262870162784,0.95,2000,canonical_paper,mean prediction per row before resampling
mlp_log_target_inverse,mlp,all,extrapolation_grouped,rd_bt,R2,-0.0974198257194431,-0.6761657575931093,0.2052705896602792,0.95,2000,canonical_paper,mean prediction per row before resampling
mlp_log_target_inverse,mlp,all,interpolation_random,rd,RMSE,0.0095686073153316,0.0086171057067206,0.0105333090896244,0.95,2000,unique_row_id,mean prediction per row before resampling
mlp_log_target_inverse,mlp,all,interpolation_random,rd,MAE,0.0052073569261729,0.0048720708898281,0.005534614106786,0.95,2000,unique_row_id,mean prediction per row before resampling
mlp_log_target_inverse,mlp,all,interpolation_random,rd,R2,0.7016889218074593,0.6372273130423954,0.7516051073658043,0.95,2000,unique_row_id,mean prediction per row before resampling
mlp_log_target_inverse,mlp,all,interpolation_random,rd_bt,RMSE,0.0096858928524938,0.0087909114725567,0.0106654325239205,0.95,2000,unique_row_id,mean prediction per row before resampling
mlp_log_target_inverse,mlp,all,interpolation_random,rd_bt,MAE,0.0051758704443308,0.0048461446406387,0.0055260636001897,0.95,2000,unique_row_id,mean prediction per row before resampling
mlp_log_target_inverse,mlp,all,interpolation_random,rd_bt,R2,0.6943311108031922,0.6340466678696448,0.7444896330376553,0.95,2000,unique_row_id,mean prediction per row before resampling
mlp_log_target_sqrt,mlp,all,extrapolation_grouped,rd,RMSE,0.0174580480635074,0.0108741285797971,0.0239031427387137,0.95,2000,canonical_paper,mean prediction per row before resampling
mlp_log_target_sqrt,mlp,all,extrapolation_grouped,rd,MAE,0.008299621305024,0.0059433141066735,0.011199669558482,0.95,2000,canonical_paper,mean prediction per row before resampling
mlp_log_target_sqrt,mlp,all,extrapolation_grouped,rd,R2,-0.1054328903505394,-0.7898252499225259,0.2957990146339778,0.95,2000,canonical_paper,mean prediction per row before resampling
mlp_log_target_sqrt,mlp,all,extrapolation_grouped,rd_bt,RMSE,0.0160408127755609,0.0104000986195435,0.0221012159979824,0.95,2000,canonical_paper,mean prediction per row before resampling
mlp_log_target_sqrt,mlp,all,extrapolation_grouped,rd_bt,MAE,0.0073727053823611,0.0054131019166924,0.0097733979596338,0.95,2000,canonical_paper,mean prediction per row before resampling
mlp_log_target_sqrt,mlp,all,extrapolation_grouped,rd_bt,R2,0.0667591248038648,-0.3162961594487646,0.3317993072221166,0.95,2000,canonical_paper,mean prediction per row before resampling
mlp_log_target_sqrt,mlp,all,interpolation_random,rd,RMSE,0.0111172940760679,0.0084763171937672,0.0144950075386235,0.95,2000,unique_row_id,mean prediction per row before resampling
mlp_log_target_sqrt,mlp,all,interpolation_random,rd,MAE,0.004918227411752,0.004531933017212,0.0053574716114291,0.95,2000,unique_row_id,mean prediction per row before resampling
mlp_log_target_sqrt,mlp,all,interpolation_random,rd,R2,0.5973106856588208,0.2937836383875952,0.7560735508938523,0.95,2000,unique_row_id,mean prediction per row before resampling
mlp_log_target_sqrt,mlp,all,interpolation_random,rd_bt,RMSE,0.0095043647296752,0.0084464791793657,0.0105021390547076,0.95,2000,unique_row_id,mean prediction per row before resampling
mlp_log_target_sqrt,mlp,all,interpolation_random,rd_bt,MAE,0.0045798734071428,0.0042475720196533,0.0049315434221903,0.95,2000,unique_row_id,mean prediction per row before resampling
mlp_log_target_sqrt,mlp,all,interpolation_random,rd_bt,R2,0.7056811311097703,0.6452078933907026,0.7557317385349823,0.95,2000,unique_row_id,mean prediction per row before resampling
rf_baseline,random_forest,all,extrapolation_grouped,rd,RMSE,0.0118665188173475,0.0065247506954422,0.0178393289554432,0.95,2000,canonical_paper,mean prediction per row before resampling
rf_baseline,random_forest,all,extrapolation_grouped,rd,MAE,0.0044820440799593,0.0028891973044389,0.0065281516111996,0.95,2000,canonical_paper,mean prediction per row before resampling
rf_baseline,random_forest,all,extrapolation_grouped,rd,R2,0.4892743415069066,0.2772905862760994,0.7319249821057355,0.95,2000,canonical_paper,mean prediction per row before resampling
rf_baseline,random_forest,all,extrapolation_grouped,rd_bt,RMSE,0.0117288790549801,0.006380557605787,0.0172211772767643,0.95,2000,canonical_paper,mean prediction per row before resampling
rf_baseline,random_forest,all,extrapolation_grouped,rd_bt,MAE,0.0044792115581887,0.002915249943698,0.0065479363486224,0.95,2000,canonical_paper,mean prediction per row before resampling
rf_baseline,random_forest,all,extrapolation_grouped,rd_bt,R2,0.5010534448386204,0.308670799386312,0.7498034873356441,0.95,2000,canonical_paper,mean prediction per row before resampling
rf_baseline,random_forest,all,interpolation_random,rd,RMSE,0.0059547482613843,0.0047336843236914,0.007146133732329,0.95,2000,unique_row_id,mean prediction per row before resampling
rf_baseline,random_forest,all,interpolation_random,rd,MAE,0.0019734548819934,0.0017587074751965,0.0022147724132998,0.95,2000,unique_row_id,mean prediction per row before resampling
rf_baseline,random_forest,all,interpolation_random,rd,R2,0.8844689473583226,0.8448815990609448,0.9197641631000132,0.95,2000,unique_row_id,mean prediction per row before resampling
rf_baseline,random_forest,all,interpolation_random,rd_bt,RMSE,0.0058788145535451,0.0047908270983757,0.0070764515102105,0.95,2000,unique_row_id,mean prediction per row before resampling
rf_baseline,random_forest,all,interpolation_random,rd_bt,MAE,0.0019546992583898,0.0017434949807581,0.0021836437604235,0.95,2000,unique_row_id,mean prediction per row before resampling
rf_baseline,random_forest,all,interpolation_random,rd_bt,R2,0.8873966168372192,0.8491419279874624,0.9179842759485078,0.95,2000,unique_row_id,mean prediction per row before resampling
rf_paper_inverse,random_forest,all,extrapolation_grouped,rd,RMSE,0.0122628488359628,0.0072806381540405,0.0177761744029894,0.95,2000,canonical_paper,mean prediction per row before resampling
rf_paper_inverse,random_forest,all,extrapolation_grouped,rd,MAE,0.0046324044172247,0.0030789905793452,0.0068207016132163,0.95,2000,canonical_paper,mean prediction per row before resampling
rf_paper_inverse,random_forest,all,extrapolation_grouped,rd,R2,0.4545891640380741,0.2355320283036227,0.688808195295057,0.95,2000,canonical_paper,mean prediction per row before resampling
rf_paper_inverse,random_forest,all,extrapolation_grouped,rd_bt,RMSE,0.0123803296758786,0.0072940414874718,0.0175776649443525,0.95,2000,canonical_paper,mean prediction per row before resampling
rf_paper_inverse,random_forest,all,extrapolation_grouped,rd_bt,MAE,0.0046473721428033,0.0029824405168772,0.0067361104893383,0.95,2000,canonical_paper,mean prediction per row before resampling
rf_paper_inverse,random_forest,all,extrapolation_grouped,rd_bt,R2,0.4440887897863105,0.2025744691780132,0.7001135706750385,0.95,2000,canonical_paper,mean prediction per row before resampling
rf_paper_inverse,random_forest,all,interpolation_random,rd,RMSE,0.0062612496695164,0.0050714014412725,0.007472787106825,0.95,2000,unique_row_id,mean prediction per row before resampling
rf_paper_inverse,random_forest,all,interpolation_random,rd,MAE,0.0021617437138361,0.0019208770407515,0.0024088151501316,0.95,2000,unique_row_id,mean prediction per row before resampling
rf_paper_inverse,random_forest,all,interpolation_random,rd,R2,0.8722696914327736,0.8293419102165227,0.9072283941197432,0.95,2000,unique_row_id,mean prediction per row before resampling
rf_paper_inverse,random_forest,all,interpolation_random,rd_bt,RMSE,0.0062500383414924,0.0049704356494361,0.0076547782365314,0.95,2000,unique_row_id,mean prediction per row before resampling
rf_paper_inverse,random_forest,all,interpolation_random,rd_bt,MAE,0.0020649716467822,0.0018331452617631,0.0023297875207025,0.95,2000,unique_row_id,mean prediction per row before resampling
rf_paper_inverse,random_forest,all,interpolation_random,rd_bt,R2,0.8727267070056264,0.8199821794865619,0.9114202742625014,0.95,2000,unique_row_id,mean prediction per row before resampling
rf_paper_sqrt,random_forest,all,extrapolation_grouped,rd,RMSE,0.0122102562942976,0.0068992797316153,0.0177574148413658,0.95,2000,canonical_paper,mean prediction per row before resampling
rf_paper_sqrt,random_forest,all,extrapolation_grouped,rd,MAE,0.0046762296058878,0.0030473495525878,0.0068341928522257,0.95,2000,canonical_paper,mean prediction per row before resampling
rf_paper_sqrt,random_forest,all,extrapolation_grouped,rd,R2,0.4592574155662429,0.2554034331019689,0.7031437500510243,0.95,2000,canonical_paper,mean prediction per row before resampling
rf_paper_sqrt,random_forest,all,extrapolation_grouped,rd_bt,RMSE,0.0121515070151876,0.0070097912625636,0.0174279152489884,0.95,2000,canonical_paper,mean prediction per row before resampling
rf_paper_sqrt,random_forest,all,extrapolation_grouped,rd_bt,MAE,0.0046254411518371,0.00306954487689,0.0066528420902986,0.95,2000,canonical_paper,mean prediction per row before resampling
rf_paper_sqrt,random_forest,all,extrapolation_grouped,rd_bt,R2,0.4644484304474411,0.2713076031951217,0.7060790731426453,0.95,2000,canonical_paper,mean prediction per row before resampling
rf_paper_sqrt,random_forest,all,interpolation_random,rd,RMSE,0.0057910529749901,0.0046011421238375,0.007047649691457,0.95,2000,unique_row_id,mean prediction per row before resampling
rf_paper_sqrt,random_forest,all,interpolation_random,rd,MAE,0.0018853031933623,0.0016691147936777,0.0021270699712182,0.95,2000,unique_row_id,mean prediction per row before resampling
rf_paper_sqrt,random_forest,all,interpolation_random,rd,R2,0.8907335097547039,0.8473009885219781,0.9242009711477126,0.95,2000,unique_row_id,mean prediction per row before resampling
rf_paper_sqrt,random_forest,all,interpolation_random,rd_bt,RMSE,0.0056597266908698,0.0044387682505354,0.0069098183151469,0.95,2000,unique_row_id,mean prediction per row before resampling
rf_paper_sqrt,random_forest,all,interpolation_random,rd_bt,MAE,0.0018031171880072,0.0015908886493342,0.0020423211709215,0.95,2000,unique_row_id,mean prediction per row before resampling
rf_paper_sqrt,random_forest,all,interpolation_random,rd_bt,R2,0.8956330872589756,0.8518450515580044,0.93088734986726,0.95,2000,unique_row_id,mean prediction per row before resampling
svr_linear,svr,all,extrapolation_grouped,rd,RMSE,0.0168465685412621,0.0123468485864013,0.0221580012920718,0.95,2000,canonical_paper,mean prediction per row before resampling
svr_linear,svr,all,extrapolation_grouped,rd,MAE,0.0086431529399176,0.0067757292135115,0.010932649219315,0.95,2000,canonical_paper,mean prediction per row before resampling
svr_linear,svr,all,extrapolation_grouped,rd,R2,-0.0293520151201616,-0.5626612061706113,0.2392150130489252,0.95,2000,canonical_paper,mean prediction per row before resampling
svr_linear,svr,all,extrapolation_grouped,rd_bt,RMSE,0.0217500366079612,0.0138928693967176,0.0296148326332779,0.95,2000,canonical_paper,mean prediction per row before resampling
svr_linear,svr,all,extrapolation_grouped,rd_bt,MAE,0.0100458879353583,0.0076602832766312,0.0130737326908206,0.95,2000,canonical_paper,mean prediction per row before resampling
svr_linear,svr,all,extrapolation_grouped,rd_bt,R2,-0.7157776133827964,-2.36940197278064,0.1315843035115364,0.95,2000,canonical_paper,mean prediction per row before resampling
svr_linear,svr,all,interpolation_random,rd,RMSE,0.0146497184980512,0.0119727738120565,0.0176653387880452,0.95,2000,unique_row_id,mean prediction per row before resampling
svr_linear,svr,all,interpolation_random,rd,MAE,0.0074395408425036,0.0069435917119323,0.0080033313034415,0.95,2000,unique_row_id,mean prediction per row before resampling
svr_linear,svr,all,interpolation_random,rd,R2,0.3007532171096778,0.035161654934271,0.464213787175087,0.95,2000,unique_row_id,mean prediction per row before resampling
svr_linear,svr,all,interpolation_random,rd_bt,RMSE,0.0139345694217431,0.0116952877463778,0.016194541601739,0.95,2000,unique_row_id,mean prediction per row before resampling
svr_linear,svr,all,interpolation_random,rd_bt,MAE,0.0073339138119136,0.0068641718476901,0.0078389196060593,0.95,2000,unique_row_id,mean prediction per row before resampling
svr_linear,svr,all,interpolation_random,rd_bt,R2,0.3673565370166932,0.2310723213502023,0.4803165128220559,0.95,2000,unique_row_id,mean prediction per row before resampling
svr_rbf,svr,all,extrapolation_grouped,rd,RMSE,0.0153531547888602,0.0105964401024637,0.0208905689594165,0.95,2000,canonical_paper,mean prediction per row before resampling
svr_rbf,svr,all,extrapolation_grouped,rd,MAE,0.0081758777556895,0.0060777766316492,0.0106827716064968,0.95,2000,canonical_paper,mean prediction per row before resampling
svr_rbf,svr,all,extrapolation_grouped,rd,R2,0.1450587546866979,-0.2197734422815296,0.3757970598119889,0.95,2000,canonical_paper,mean prediction per row before resampling
svr_rbf,svr,all,extrapolation_grouped,rd_bt,RMSE,0.0151452186154292,0.0105638913304112,0.0204357027934761,0.95,2000,canonical_paper,mean prediction per row before resampling
svr_rbf,svr,all,extrapolation_grouped,rd_bt,MAE,0.0079872477860358,0.0060945415258565,0.010218131794355,0.95,2000,canonical_paper,mean prediction per row before resampling
svr_rbf,svr,all,extrapolation_grouped,rd_bt,R2,0.1680598086808227,-0.1205595270703109,0.3713463060785332,0.95,2000,canonical_paper,mean prediction per row before resampling
svr_rbf,svr,all,interpolation_random,rd,RMSE,0.009976773520122,0.0091646867007122,0.0108650366501546,0.95,2000,unique_row_id,mean prediction per row before resampling
svr_rbf,svr,all,interpolation_random,rd,MAE,0.0067222523637656,0.0064198612954356,0.0070310165964441,0.95,2000,unique_row_id,mean prediction per row before resampling
svr_rbf,svr,all,interpolation_random,rd,R2,0.6756961198401449,0.606805264469366,0.7288190432827745,0.95,2000,unique_row_id,mean prediction per row before resampling
svr_rbf,svr,all,interpolation_random,rd_bt,RMSE,0.0097256939622675,0.0088824977922809,0.0106701440287895,0.95,2000,unique_row_id,mean prediction per row before resampling
svr_rbf,svr,all,interpolation_random,rd_bt,MAE,0.006556711043312,0.0062741962491617,0.0068561192705882,0.95,2000,unique_row_id,mean prediction per row before resampling
svr_rbf,svr,all,interpolation_random,rd_bt,R2,0.6918138504367455,0.6110486421126902,0.7510743266567884,0.95,2000,unique_row_id,mean prediction per row before resampling
svr_rbf_inverse,svr,all,extrapolation_grouped,rd,RMSE,0.0153408385591935,0.0114161673956152,0.0198205147035037,0.95,2000,canonical_paper,mean prediction per row before resampling
svr_rbf_inverse,svr,all,extrapolation_grouped,rd,MAE,0.0094474821153579,0.0078461534561294,0.0114136617371327,0.95,2000,canonical_paper,mean prediction per row before resampling
svr_rbf_inverse,svr,all,extrapolation_grouped,rd,R2,0.1464298643321355,-0.253442504617764,0.3545061088938809,0.95,2000,canonical_paper,mean prediction per row before resampling
svr_rbf_inverse,svr,all,extrapolation_grouped,rd_bt,RMSE,0.0157467239962323,0.0115244161205166,0.0207109935496519,0.95,2000,canonical_paper,mean prediction per row before resampling
svr_rbf_inverse,svr,all,extrapolation_grouped,rd_bt,MAE,0.009655553735503,0.0078176462271719,0.0121412273392726,0.95,2000,canonical_paper,mean prediction per row before resampling
svr_rbf_inverse,svr,all,extrapolation_grouped,rd_bt,R2,0.1006651080323729,-0.4836140028175154,0.3718995900010574,0.95,2000,canonical_paper,mean prediction per row before resampling
svr_rbf_inverse,svr,all,interpolation_random,rd,RMSE,0.0098676565664222,0.0090871214808638,0.0107495187078251,0.95,2000,unique_row_id,mean prediction per row before resampling
svr_rbf_inverse,svr,all,interpolation_random,rd,MAE,0.0067125573425397,0.0064257253315408,0.0070164676400201,0.95,2000,unique_row_id,mean prediction per row before resampling
svr_rbf_inverse,svr,all,interpolation_random,rd,R2,0.6827512134679742,0.6168172013105077,0.7367359118493384,0.95,2000,unique_row_id,mean prediction per row before resampling
svr_rbf_inverse,svr,all,interpolation_random,rd_bt,RMSE,0.0098373116302466,0.0089954826945773,0.0107503600056343,0.95,2000,unique_row_id,mean prediction per row before resampling
svr_rbf_inverse,svr,all,interpolation_random,rd_bt,MAE,0.0065953573145513,0.006309452227669,0.0068915565493765,0.95,2000,unique_row_id,mean prediction per row before resampling
svr_rbf_inverse,svr,all,interpolation_random,rd_bt,R2,0.6846994150174635,0.6097751287084408,0.740333782675076,0.95,2000,unique_row_id,mean prediction per row before resampling
svr_rbf_sqrt,svr,all,extrapolation_grouped,rd,RMSE,0.0146474268580413,0.0101444575678593,0.0196829903493636,0.95,2000,canonical_paper,mean prediction per row before resampling
svr_rbf_sqrt,svr,all,extrapolation_grouped,rd,MAE,0.0083442971784242,0.0065276713551406,0.0105194752984428,0.95,2000,canonical_paper,mean prediction per row before resampling
svr_rbf_sqrt,svr,all,extrapolation_grouped,rd,R2,0.221849342738387,-0.0519444326263259,0.409995117786772,0.95,2000,canonical_paper,mean prediction per row before resampling
svr_rbf_sqrt,svr,all,extrapolation_grouped,rd_bt,RMSE,0.0149327007534381,0.0105420511068261,0.0201656528018382,0.95,2000,canonical_paper,mean prediction per row before resampling
svr_rbf_sqrt,svr,all,extrapolation_grouped,rd_bt,MAE,0.0086228088091144,0.0067542725007317,0.0109380496976543,0.95,2000,canonical_paper,mean prediction per row before resampling
svr_rbf_sqrt,svr,all,extrapolation_grouped,rd_bt,R2,0.19124358838459,-0.1587850930342774,0.4040966154840911,0.95,2000,canonical_paper,mean prediction per row before resampling
svr_rbf_sqrt,svr,all,interpolation_random,rd,RMSE,0.0102540031410748,0.0093302438585577,0.0112092736006866,0.95,2000,unique_row_id,mean prediction per row before resampling
svr_rbf_sqrt,svr,all,interpolation_random,rd,MAE,0.0067000633675357,0.006381839302714,0.007024291639574,0.95,2000,unique_row_id,mean prediction per row before resampling
svr_rbf_sqrt,svr,all,interpolation_random,rd,R2,0.6574225202418239,0.5817373928997378,0.714269830929939,0.95,2000,unique_row_id,mean prediction per row before resampling
svr_rbf_sqrt,svr,all,interpolation_random,rd_bt,RMSE,0.0100367032141293,0.0091077080063561,0.0110623288590674,0.95,2000,unique_row_id,mean prediction per row before resampling
svr_rbf_sqrt,svr,all,interpolation_random,rd_bt,MAE,0.0066234930530078,0.0063286475656769,0.0069379426052551,0.95,2000,unique_row_id,mean prediction per row before resampling
svr_rbf_sqrt,svr,all,interpolation_random,rd_bt,R2,0.6717882821367459,0.5840504721713957,0.7343490661925097,0.95,2000,unique_row_id,mean prediction per row before resampling
xgb_absoluteerror_inverse,xgboost,all,extrapolation_grouped,rd,RMSE,0.0122030947384538,0.0069576315319095,0.0174794898025957,0.95,2000,canonical_paper,mean prediction per row before resampling
xgb_absoluteerror_inverse,xgboost,all,extrapolation_grouped,rd,MAE,0.0046621436087505,0.002961663508126,0.0067628115912452,0.95,2000,canonical_paper,mean prediction per row before resampling
xgb_absoluteerror_inverse,xgboost,all,extrapolation_grouped,rd,R2,0.4598915419033816,0.2739251494136742,0.7063002668411639,0.95,2000,canonical_paper,mean prediction per row before resampling
xgb_absoluteerror_inverse,xgboost,all,extrapolation_grouped,rd_bt,RMSE,0.0120668283721223,0.0068101452828585,0.0175143966467637,0.95,2000,canonical_paper,mean prediction per row before resampling
xgb_absoluteerror_inverse,xgboost,all,extrapolation_grouped,rd_bt,MAE,0.0045309211593991,0.0028679175440748,0.0066232967060905,0.95,2000,canonical_paper,mean prediction per row before resampling
xgb_absoluteerror_inverse,xgboost,all,extrapolation_grouped,rd_bt,R2,0.4718864821320995,0.2840391919334539,0.7200572413452403,0.95,2000,canonical_paper,mean prediction per row before resampling
xgb_absoluteerror_inverse,xgboost,all,interpolation_random,rd,RMSE,0.0061374089162976,0.0050900396468113,0.0072607668532649,0.95,2000,unique_row_id,mean prediction per row before resampling
xgb_absoluteerror_inverse,xgboost,all,interpolation_random,rd,MAE,0.0020819964688626,0.0018580998927601,0.0023386642103463,0.95,2000,unique_row_id,mean prediction per row before resampling
xgb_absoluteerror_inverse,xgboost,all,interpolation_random,rd,R2,0.8772724575967117,0.8399855596294292,0.9080509399993536,0.95,2000,unique_row_id,mean prediction per row before resampling
xgb_absoluteerror_inverse,xgboost,all,interpolation_random,rd_bt,RMSE,0.0060701595503235,0.0049600672942437,0.0071807449551382,0.95,2000,unique_row_id,mean prediction per row before resampling
xgb_absoluteerror_inverse,xgboost,all,interpolation_random,rd_bt,MAE,0.002097318311855,0.0018731311628176,0.0023365956456393,0.95,2000,unique_row_id,mean prediction per row before resampling
xgb_absoluteerror_inverse,xgboost,all,interpolation_random,rd_bt,R2,0.8799472450703436,0.8419111393008167,0.912036549280484,0.95,2000,unique_row_id,mean prediction per row before resampling
xgb_absoluteerror_sqrt,xgboost,all,extrapolation_grouped,rd,RMSE,0.012192207218783,0.0067972833627766,0.0174838224401895,0.95,2000,canonical_paper,mean prediction per row before resampling
xgb_absoluteerror_sqrt,xgboost,all,extrapolation_grouped,rd,MAE,0.0047125526262701,0.0030074272905479,0.0067713943067841,0.95,2000,canonical_paper,mean prediction per row before resampling
xgb_absoluteerror_sqrt,xgboost,all,extrapolation_grouped,rd,R2,0.4608548742944759,0.2638475922363367,0.703194334143951,0.95,2000,canonical_paper,mean prediction per row before resampling
xgb_absoluteerror_sqrt,xgboost,all,extrapolation_grouped,rd_bt,RMSE,0.0124947660699849,0.0069325322071246,0.0180563359360354,0.95,2000,canonical_paper,mean prediction per row before resampling
xgb_absoluteerror_sqrt,xgboost,all,extrapolation_grouped,rd_bt,MAE,0.0047883049248824,0.0029720163000618,0.007049266064951,0.95,2000,canonical_paper,mean prediction per row before resampling
xgb_absoluteerror_sqrt,xgboost,all,extrapolation_grouped,rd_bt,R2,0.4337642681599034,0.2294978188235577,0.7011565375965934,0.95,2000,canonical_paper,mean prediction per row before resampling
xgb_absoluteerror_sqrt,xgboost,all,interpolation_random,rd,RMSE,0.0056896254628289,0.0044908800699933,0.0068999522826254,0.95,2000,unique_row_id,mean prediction per row before resampling
xgb_absoluteerror_sqrt,xgboost,all,interpolation_random,rd,MAE,0.0018274323461405,0.0016134743330464,0.0020705157722792,0.95,2000,unique_row_id,mean prediction per row before resampling
xgb_absoluteerror_sqrt,xgboost,all,interpolation_random,rd,R2,0.8945274915605446,0.8515047518070327,0.9275150376841016,0.95,2000,unique_row_id,mean prediction per row before resampling
xgb_absoluteerror_sqrt,xgboost,all,interpolation_random,rd_bt,RMSE,0.0058420512547745,0.0046674847364647,0.0070647487740547,0.95,2000,unique_row_id,mean prediction per row before resampling
xgb_absoluteerror_sqrt,xgboost,all,interpolation_random,rd_bt,MAE,0.0019186435533727,0.0017124790486648,0.0021528958148173,0.95,2000,unique_row_id,mean prediction per row before resampling
xgb_absoluteerror_sqrt,xgboost,all,interpolation_random,rd_bt,R2,0.888800548876539,0.8494924952616215,0.922630806765537,0.95,2000,unique_row_id,mean prediction per row before resampling
xgb_baseline,xgboost,all,extrapolation_grouped,rd,RMSE,0.0125533168954221,0.0072724882014342,0.0178030776291389,0.95,2000,canonical_paper,mean prediction per row before resampling
xgb_baseline,xgboost,all,extrapolation_grouped,rd,MAE,0.0050827659232839,0.0033154738582028,0.0073037970811229,0.95,2000,canonical_paper,mean prediction per row before resampling
xgb_baseline,xgboost,all,extrapolation_grouped,rd,R2,0.4284450411195628,0.2172639111850294,0.6806531751584242,0.95,2000,canonical_paper,mean prediction per row before resampling
xgb_baseline,xgboost,all,extrapolation_grouped,rd_bt,RMSE,0.0128890498807318,0.007744049585826,0.0183316412350731,0.95,2000,canonical_paper,mean prediction per row before resampling
xgb_baseline,xgboost,all,extrapolation_grouped,rd_bt,MAE,0.0053221655126445,0.0035688720577302,0.0076879691035973,0.95,2000,canonical_paper,mean prediction per row before resampling
xgb_baseline,xgboost,all,extrapolation_grouped,rd_bt,R2,0.3974642478452956,0.1915204136026004,0.6369401539297508,0.95,2000,canonical_paper,mean prediction per row before resampling
xgb_baseline,xgboost,all,interpolation_random,rd,RMSE,0.0056968919469847,0.004664207288622,0.0067572298340841,0.95,2000,unique_row_id,mean prediction per row before resampling
xgb_baseline,xgboost,all,interpolation_random,rd,MAE,0.0021007264337819,0.0018939277584608,0.0023313774104546,0.95,2000,unique_row_id,mean prediction per row before resampling
xgb_baseline,xgboost,all,interpolation_random,rd,R2,0.8942579118744782,0.8609929340644429,0.9221670189633068,0.95,2000,unique_row_id,mean prediction per row before resampling
xgb_baseline,xgboost,all,interpolation_random,rd_bt,RMSE,0.0056679089040736,0.0046286139171042,0.0066996715204517,0.95,2000,unique_row_id,mean prediction per row before resampling
xgb_baseline,xgboost,all,interpolation_random,rd_bt,MAE,0.0020684533888779,0.0018629879359948,0.0022892682598873,0.95,2000,unique_row_id,mean prediction per row before resampling
xgb_baseline,xgboost,all,interpolation_random,rd_bt,R2,0.8953311046179253,0.8621495313624502,0.9232042694384676,0.95,2000,unique_row_id,mean prediction per row before resampling
xgb_log_target_inverse,xgboost,all,extrapolation_grouped,rd,RMSE,0.0135076367779174,0.007963447127861,0.0192960409224839,0.95,2000,canonical_paper,mean prediction per row before resampling
xgb_log_target_inverse,xgboost,all,extrapolation_grouped,rd,MAE,0.0056584097119168,0.0036772993284137,0.0082671482875887,0.95,2000,canonical_paper,mean prediction per row before resampling
xgb_log_target_inverse,xgboost,all,extrapolation_grouped,rd,R2,0.3382411465136516,0.031727324199484,0.6046680750088805,0.95,2000,canonical_paper,mean prediction per row before resampling
xgb_log_target_inverse,xgboost,all,extrapolation_grouped,rd_bt,RMSE,0.0127329437749801,0.0073676697251445,0.018366707087866,0.95,2000,canonical_paper,mean prediction per row before resampling
xgb_log_target_inverse,xgboost,all,extrapolation_grouped,rd_bt,MAE,0.0050531364866331,0.0033789513407373,0.0072044401939517,0.95,2000,canonical_paper,mean prediction per row before resampling
xgb_log_target_inverse,xgboost,all,extrapolation_grouped,rd_bt,R2,0.4119711212694361,0.1987450241227974,0.6782060129619961,0.95,2000,canonical_paper,mean prediction per row before resampling
xgb_log_target_inverse,xgboost,all,interpolation_random,rd,RMSE,0.0058386804742467,0.0047166983425115,0.0069310536169899,0.95,2000,unique_row_id,mean prediction per row before resampling
xgb_log_target_inverse,xgboost,all,interpolation_random,rd,MAE,0.0021368028516353,0.0019266643390916,0.0023693649012994,0.95,2000,unique_row_id,mean prediction per row before resampling
xgb_log_target_inverse,xgboost,all,interpolation_random,rd,R2,0.8889288328619827,0.8506984189707986,0.9183028929474292,0.95,2000,unique_row_id,mean prediction per row before resampling
xgb_log_target_inverse,xgboost,all,interpolation_random,rd_bt,RMSE,0.0058085208008442,0.0047275728109304,0.0069006083551478,0.95,2000,unique_row_id,mean prediction per row before resampling
xgb_log_target_inverse,xgboost,all,interpolation_random,rd_bt,MAE,0.0020778666033902,0.0018633894033988,0.0023210318073845,0.95,2000,unique_row_id,mean prediction per row before resampling
xgb_log_target_inverse,xgboost,all,interpolation_random,rd_bt,R2,0.8900733442877279,0.851306123891823,0.9200865053389202,0.95,2000,unique_row_id,mean prediction per row before resampling
xgb_log_target_sqrt,xgboost,all,extrapolation_grouped,rd,RMSE,0.0125644190510113,0.0068193355110437,0.0191459901006397,0.95,2000,canonical_paper,mean prediction per row before resampling
xgb_log_target_sqrt,xgboost,all,extrapolation_grouped,rd,MAE,0.0048394929320368,0.0030646261339509,0.007229653357381,0.95,2000,canonical_paper,mean prediction per row before resampling
xgb_log_target_sqrt,xgboost,all,extrapolation_grouped,rd,R2,0.4274336274651018,0.2017868429512005,0.7104921477584986,0.95,2000,canonical_paper,mean prediction per row before resampling
xgb_log_target_sqrt,xgboost,all,extrapolation_grouped,rd_bt,RMSE,0.0131411375796503,0.006993359193496,0.0188732203094782,0.95,2000,canonical_paper,mean prediction per row before resampling
xgb_log_target_sqrt,xgboost,all,extrapolation_grouped,rd_bt,MAE,0.0051562837247755,0.0031106033350814,0.0077092581989305,0.95,2000,canonical_paper,mean prediction per row before resampling
xgb_log_target_sqrt,xgboost,all,extrapolation_grouped,rd_bt,R2,0.3736646311654843,0.1302647978499071,0.6876534953502024,0.95,2000,canonical_paper,mean prediction per row before resampling
xgb_log_target_sqrt,xgboost,all,interpolation_random,rd,RMSE,0.0058621883939032,0.0046072252044506,0.007020718111779,0.95,2000,unique_row_id,mean prediction per row before resampling
xgb_log_target_sqrt,xgboost,all,interpolation_random,rd,MAE,0.0020827836564465,0.0018574700358066,0.0023175759048339,0.95,2000,unique_row_id,mean prediction per row before resampling
xgb_log_target_sqrt,xgboost,all,interpolation_random,rd,R2,0.888032634330872,0.8457747645678455,0.9231243241376412,0.95,2000,unique_row_id,mean prediction per row before resampling
xgb_log_target_sqrt,xgboost,all,interpolation_random,rd_bt,RMSE,0.0057333119073078,0.004557626367572,0.0069183658034872,0.95,2000,unique_row_id,mean prediction per row before resampling
xgb_log_target_sqrt,xgboost,all,interpolation_random,rd_bt,MAE,0.0020168574920063,0.0018038587564292,0.0022529610807907,0.95,2000,unique_row_id,mean prediction per row before resampling
xgb_log_target_sqrt,xgboost,all,interpolation_random,rd_bt,R2,0.89290158189234,0.8508139309408125,0.9264198204895816,0.95,2000,unique_row_id,mean prediction per row before resampling
xgb_paper_bagging_sqrt,xgboost,all,extrapolation_grouped,rd,RMSE,0.0136526360106177,0.0082429669388279,0.0191506659254069,0.95,2000,canonical_paper,mean prediction per row before resampling
xgb_paper_bagging_sqrt,xgboost,all,extrapolation_grouped,rd,MAE,0.0058642672731823,0.0037434326787712,0.0086537464390692,0.95,2000,canonical_paper,mean prediction per row before resampling
xgb_paper_bagging_sqrt,xgboost,all,extrapolation_grouped,rd,R2,0.3239574424354502,0.0262063922791374,0.6194049222444707,0.95,2000,canonical_paper,mean prediction per row before resampling
xgb_paper_bagging_sqrt,xgboost,all,extrapolation_grouped,rd_bt,RMSE,0.0137502538735292,0.0083725975089734,0.0191959817797903,0.95,2000,canonical_paper,mean prediction per row before resampling
xgb_paper_bagging_sqrt,xgboost,all,extrapolation_grouped,rd_bt,MAE,0.0057946314210651,0.0037167686934214,0.0084526419991514,0.95,2000,canonical_paper,mean prediction per row before resampling
xgb_paper_bagging_sqrt,xgboost,all,extrapolation_grouped,rd_bt,R2,0.31425532172279,-0.0320921789953477,0.6071213528972065,0.95,2000,canonical_paper,mean prediction per row before resampling
xgb_paper_bagging_sqrt,xgboost,all,interpolation_random,rd,RMSE,0.0073915205998493,0.0061989087274807,0.0085952085572369,0.95,2000,unique_row_id,mean prediction per row before resampling
xgb_paper_bagging_sqrt,xgboost,all,interpolation_random,rd,MAE,0.0029644544784314,0.0026933583897321,0.0032415349131802,0.95,2000,unique_row_id,mean prediction per row before resampling
xgb_paper_bagging_sqrt,xgboost,all,interpolation_random,rd,R2,0.8219920080901856,0.7795929862453619,0.8598936137044876,0.95,2000,unique_row_id,mean prediction per row before resampling
xgb_paper_bagging_sqrt,xgboost,all,interpolation_random,rd_bt,RMSE,0.0073065235765805,0.0061388174671339,0.0084596384935655,0.95,2000,unique_row_id,mean prediction per row before resampling
xgb_paper_bagging_sqrt,xgboost,all,interpolation_random,rd_bt,MAE,0.0029443962278959,0.0026851989146057,0.0032232474517557,0.95,2000,unique_row_id,mean prediction per row before resampling
xgb_paper_bagging_sqrt,xgboost,all,interpolation_random,rd_bt,R2,0.8260623902151809,0.7868593285356666,0.8621517080367157,0.95,2000,unique_row_id,mean prediction per row before resampling
xgb_paper_inverse,xgboost,all,extrapolation_grouped,rd,RMSE,0.0127486729195159,0.007419143770527,0.0178430637671751,0.95,2000,canonical_paper,mean prediction per row before resampling
xgb_paper_inverse,xgboost,all,extrapolation_grouped,rd,MAE,0.0051523215179508,0.0032287899333554,0.0074283013889559,0.95,2000,canonical_paper,mean prediction per row before resampling
xgb_paper_inverse,xgboost,all,extrapolation_grouped,rd,R2,0.4105174269467728,0.156015475175218,0.6694547940212122,0.95,2000,canonical_paper,mean prediction per row before resampling
xgb_paper_inverse,xgboost,all,extrapolation_grouped,rd_bt,RMSE,0.0133914098453924,0.0075517026265821,0.0190262653709151,0.95,2000,canonical_paper,mean prediction per row before resampling
xgb_paper_inverse,xgboost,all,extrapolation_grouped,rd_bt,MAE,0.0052724044065378,0.0032082595316459,0.0081564438071906,0.95,2000,canonical_paper,mean prediction per row before resampling
xgb_paper_inverse,xgboost,all,extrapolation_grouped,rd_bt,R2,0.3495804055422776,-0.0658734072982719,0.6573514283535044,0.95,2000,canonical_paper,mean prediction per row before resampling
xgb_paper_inverse,xgboost,all,interpolation_random,rd,RMSE,0.0059159269961782,0.0048272947073992,0.0069797119901269,0.95,2000,unique_row_id,mean prediction per row before resampling
xgb_paper_inverse,xgboost,all,interpolation_random,rd,MAE,0.0022127786376389,0.0019971111840018,0.0024354696269947,0.95,2000,unique_row_id,mean prediction per row before resampling
xgb_paper_inverse,xgboost,all,interpolation_random,rd,R2,0.8859704186306344,0.8453176959560447,0.9170439746541652,0.95,2000,unique_row_id,mean prediction per row before resampling
xgb_paper_inverse,xgboost,all,interpolation_random,rd_bt,RMSE,0.0057650593555887,0.0046972006301798,0.0069096509090182,0.95,2000,unique_row_id,mean prediction per row before resampling
xgb_paper_inverse,xgboost,all,interpolation_random,rd_bt,MAE,0.0021478371998848,0.0019369804599188,0.0023808554508108,0.95,2000,unique_row_id,mean prediction per row before resampling
xgb_paper_inverse,xgboost,all,interpolation_random,rd_bt,R2,0.8917122116474612,0.8534814161682718,0.9222858343308874,0.95,2000,unique_row_id,mean prediction per row before resampling
xgb_paper_sqrt,xgboost,all,extrapolation_grouped,rd,RMSE,0.0121635251821406,0.0067797039243515,0.0179288665109576,0.95,2000,canonical_paper,mean prediction per row before resampling
xgb_paper_sqrt,xgboost,all,extrapolation_grouped,rd,MAE,0.0049242038715165,0.0033501682616588,0.0070125042206047,0.95,2000,canonical_paper,mean prediction per row before resampling
xgb_paper_sqrt,xgboost,all,extrapolation_grouped,rd,R2,0.463388556799266,0.2689206365214865,0.7195822862886464,0.95,2000,canonical_paper,mean prediction per row before resampling
xgb_paper_sqrt,xgboost,all,extrapolation_grouped,rd_bt,RMSE,0.0119436813371477,0.0064249097830034,0.0179684629672526,0.95,2000,canonical_paper,mean prediction per row before resampling
xgb_paper_sqrt,xgboost,all,extrapolation_grouped,rd_bt,MAE,0.0047106023449992,0.0030862573640864,0.0069253697805206,0.95,2000,canonical_paper,mean prediction per row before resampling
xgb_paper_sqrt,xgboost,all,extrapolation_grouped,rd_bt,R2,0.4826107178679111,0.2848884927358748,0.7247322589469187,0.95,2000,canonical_paper,mean prediction per row before resampling
xgb_paper_sqrt,xgboost,all,interpolation_random,rd,RMSE,0.0059963050793047,0.0048890568542753,0.0071488822208134,0.95,2000,unique_row_id,mean prediction per row before resampling
xgb_paper_sqrt,xgboost,all,interpolation_random,rd,MAE,0.0021717983112523,0.0019498956940455,0.0023965736443456,0.95,2000,unique_row_id,mean prediction per row before resampling
xgb_paper_sqrt,xgboost,all,interpolation_random,rd,R2,0.8828507913579138,0.8435495491421132,0.9148075513110012,0.95,2000,unique_row_id,mean prediction per row before resampling
xgb_paper_sqrt,xgboost,all,interpolation_random,rd_bt,RMSE,0.0059669696257173,0.0048005258831062,0.0071571206816983,0.95,2000,unique_row_id,mean prediction per row before resampling
xgb_paper_sqrt,xgboost,all,interpolation_random,rd_bt,MAE,0.0021122708740277,0.0018841997046225,0.0023436993945953,0.95,2000,unique_row_id,mean prediction per row before resampling
xgb_paper_sqrt,xgboost,all,interpolation_random,rd_bt,R2,0.883994235096754,0.8433651248658152,0.9159709756339212,0.95,2000,unique_row_id,mean prediction per row before resampling
xgb_pseudohuber_inverse,xgboost,all,extrapolation_grouped,rd,RMSE,0.0128929191352203,0.0074378558493596,0.0190644984393873,0.95,2000,canonical_paper,mean prediction per row before resampling
xgb_pseudohuber_inverse,xgboost,all,extrapolation_grouped,rd,MAE,0.0051219362494403,0.0032548825070639,0.0077367550448995,0.95,2000,canonical_paper,mean prediction per row before resampling
xgb_pseudohuber_inverse,xgboost,all,extrapolation_grouped,rd,R2,0.3971024346597843,0.1566834254022683,0.6805264255421166,0.95,2000,canonical_paper,mean prediction per row before resampling
xgb_pseudohuber_inverse,xgboost,all,extrapolation_grouped,rd_bt,RMSE,0.0127715140011116,0.0068680243892807,0.018419947930132,0.95,2000,canonical_paper,mean prediction per row before resampling
xgb_pseudohuber_inverse,xgboost,all,extrapolation_grouped,rd_bt,MAE,0.0050278312233462,0.0032069373018079,0.0072967040374895,0.95,2000,canonical_paper,mean prediction per row before resampling
xgb_pseudohuber_inverse,xgboost,all,extrapolation_grouped,rd_bt,R2,0.4084032490464069,0.1806907454996906,0.7078292273976878,0.95,2000,canonical_paper,mean prediction per row before resampling
xgb_pseudohuber_inverse,xgboost,all,interpolation_random,rd,RMSE,0.005991593038761,0.0047614623060075,0.0071805341074376,0.95,2000,unique_row_id,mean prediction per row before resampling
xgb_pseudohuber_inverse,xgboost,all,interpolation_random,rd,MAE,0.0021655114013714,0.0019468584942139,0.0024006937453589,0.95,2000,unique_row_id,mean prediction per row before resampling
xgb_pseudohuber_inverse,xgboost,all,interpolation_random,rd,R2,0.8830348363394162,0.8386788806924672,0.919692118445922,0.95,2000,unique_row_id,mean prediction per row before resampling
xgb_pseudohuber_inverse,xgboost,all,interpolation_random,rd_bt,RMSE,0.0059041181558256,0.0047499758010878,0.0071372110050283,0.95,2000,unique_row_id,mean prediction per row before resampling
xgb_pseudohuber_inverse,xgboost,all,interpolation_random,rd_bt,MAE,0.0020874156749288,0.0018742481503012,0.0023447471102977,0.95,2000,unique_row_id,mean prediction per row before resampling
xgb_pseudohuber_inverse,xgboost,all,interpolation_random,rd_bt,R2,0.8864251954339106,0.8429977340144296,0.9214305197118025,0.95,2000,unique_row_id,mean prediction per row before resampling
xgb_pseudohuber_sqrt,xgboost,all,extrapolation_grouped,rd,RMSE,0.0128914736442283,0.0074985590752621,0.0186980540146793,0.95,2000,canonical_paper,mean prediction per row before resampling
xgb_pseudohuber_sqrt,xgboost,all,extrapolation_grouped,rd,MAE,0.0053024174987222,0.0034536817432119,0.0077835327145839,0.95,2000,canonical_paper,mean prediction per row before resampling
xgb_pseudohuber_sqrt,xgboost,all,extrapolation_grouped,rd,R2,0.3972376149300458,0.1627950114647637,0.6560705583641523,0.95,2000,canonical_paper,mean prediction per row before resampling
xgb_pseudohuber_sqrt,xgboost,all,extrapolation_grouped,rd_bt,RMSE,0.0128349029577914,0.0072169909658806,0.0181810586387587,0.95,2000,canonical_paper,mean prediction per row before resampling
xgb_pseudohuber_sqrt,xgboost,all,extrapolation_grouped,rd_bt,MAE,0.0051359614124689,0.0032505827483506,0.0075459829377854,0.95,2000,canonical_paper,mean prediction per row before resampling
xgb_pseudohuber_sqrt,xgboost,all,extrapolation_grouped,rd_bt,R2,0.4025161217132428,0.1623825308733336,0.6925680695508384,0.95,2000,canonical_paper,mean prediction per row before resampling
xgb_pseudohuber_sqrt,xgboost,all,interpolation_random,rd,RMSE,0.0060106527611774,0.0047880756703397,0.0071382336349725,0.95,2000,unique_row_id,mean prediction per row before resampling
xgb_pseudohuber_sqrt,xgboost,all,interpolation_random,rd,MAE,0.002123720488783,0.0019001786194028,0.0023552825266741,0.95,2000,unique_row_id,mean prediction per row before resampling
xgb_pseudohuber_sqrt,xgboost,all,interpolation_random,rd,R2,0.8822895022144447,0.8376286829546077,0.9205638316329696,0.95,2000,unique_row_id,mean prediction per row before resampling
xgb_pseudohuber_sqrt,xgboost,all,interpolation_random,rd_bt,RMSE,0.0060837348423157,0.0047977945629767,0.0073547083489113,0.95,2000,unique_row_id,mean prediction per row before resampling
xgb_pseudohuber_sqrt,xgboost,all,interpolation_random,rd_bt,MAE,0.002094094660294,0.001864756344205,0.002343840589077,0.95,2000,unique_row_id,mean prediction per row before resampling
xgb_pseudohuber_sqrt,xgboost,all,interpolation_random,rd_bt,R2,0.87940967317452,0.8293090787586528,0.91882130478296,0.95,2000,unique_row_id,mean prediction per row before resampling
