model_id,model_family,feature_set,augmentation,R2_mean,R2_std,RMSE_mean,RMSE_std,MAE_mean,MAE_std,MAPE_mean,NRMSE_mean,MBE_mean,fold_count
rf_baseline,random_forest,all,rd,0.4576134719032061,0.2215156291209969,0.0122051249092407,0.0041154125215593,0.0048193915540913,0.0011435946560373,356.99210790225413,1.432580401706118,-0.0006581910470208,10
rf_baseline,random_forest,all,rd_bt,0.4477179511750996,0.2468333374667108,0.0122182300161163,0.0040601557739882,0.0048563369498736,0.0012660875768979,333.92268465313,1.4333704657069206,-0.0006615923241383,10
xgb_paper_sqrt,xgboost,all,rd_bt,0.4411464581800027,0.1547963208346552,0.0125722435162525,0.0038315908780658,0.0051301093069046,0.00088210616465,437.7957213857526,1.476954341136414,-0.0002477328580196,10
xgb_absoluteerror_inverse,xgboost,all,rd_bt,0.4223354277181347,0.1972856437888435,0.0126317695648815,0.0038718016115101,0.0049877776153031,0.0011308272575123,283.67705016189126,1.472917874407446,-0.0008651679220605,10
xgb_log_target_sqrt,xgboost,all,rd,0.4142446928605767,0.2224029167878946,0.0127733156544035,0.0044983542693985,0.0052118489119693,0.0015189782539085,421.5755212765524,1.4980481991042145,-0.0005898009614297,10
xgb_absoluteerror_sqrt,xgboost,all,rd,0.4128449998437368,0.2408040358737969,0.0126998002584119,0.0044545000537897,0.0050820094837619,0.0014567520493986,325.4106965657465,1.4852189037592487,-0.0005257431820879,10
xgb_absoluteerror_inverse,xgboost,all,rd,0.4038622853316403,0.2353322306276747,0.0127395333247672,0.0039429583914793,0.0051343668233726,0.0013335753848689,259.7126067801073,1.4853449795280491,-0.000765740301906,10
rf_paper_sqrt,random_forest,all,rd,0.4028157079928783,0.1958299522821644,0.0128348004859859,0.0038448427256185,0.0049742070166877,0.0009736983334878,367.2705590179896,1.5070232851160297,-0.0004081657660855,10
xgb_paper_sqrt,xgboost,all,rd,0.4020799031969638,0.1420067417466167,0.0129645631210865,0.0035852923223034,0.00530910776435,0.0010308840658702,458.1941187002154,1.52099699217404,-0.000328347238642,10
xgb_baseline,xgboost,all,rd,0.3963813385157269,0.2043360592950771,0.0129459301035685,0.003901161335506,0.0054599901256287,0.0009732116609874,432.5497904433482,1.5198736202652463,-0.0001638049869047,10
xgb_absoluteerror_sqrt,xgboost,all,rd_bt,0.3929201153294919,0.224143387160496,0.0129873094884274,0.0044297745769742,0.0050444327076387,0.0013092258768337,289.6802267841796,1.5223031470297754,-0.000546348916027,10
rf_paper_sqrt,random_forest,all,rd_bt,0.3875936661623608,0.218371781606508,0.0129248827191651,0.0037945115340774,0.0049591246664262,0.0010059890633677,349.0416896698669,1.5153388302165718,-0.0004380810824827,10
xgb_pseudohuber_inverse,xgboost,all,rd_bt,0.3614198690859703,0.2544011860092313,0.0132042724070845,0.0042998503897841,0.0053434821381803,0.0016099733229352,461.24667474420687,1.5509590221762042,-0.0005804934233867,10
xgb_pseudohuber_inverse,xgboost,all,rd,0.3612363044827688,0.2717904504843821,0.013166913537957,0.004236728071173,0.0053053850058697,0.0015384365579546,421.8800528361151,1.549202711766689,-0.000768543285613,10
xgb_pseudohuber_sqrt,xgboost,all,rd_bt,0.3550647699752795,0.2234672199667878,0.0132620167901768,0.0036721783231552,0.0054835437739225,0.001383164704518,469.1399267186081,1.5545911799742158,-0.0001829425853274,10
xgb_log_target_inverse,xgboost,all,rd_bt,0.3479670225180712,0.1967000145012484,0.0134526259617212,0.0039439055750185,0.0054062810257506,0.0011736688939264,459.3572305493384,1.5766544041277502,-0.0006626507660698,10
xgb_pseudohuber_sqrt,xgboost,all,rd,0.3440112981506812,0.1849367685776986,0.0134605095595455,0.0035425102435118,0.0057104448786074,0.0012520486806186,481.2526690012164,1.579239963571672,-3.1118305250959915e-05,10
xgb_baseline,xgboost,all,rd_bt,0.3419693817578942,0.1783512457931399,0.0135002901060075,0.0034374257343677,0.0056473941580974,0.0009830936759486,453.39895688246105,1.5832492958381912,-9.137299746405e-05,10
xgb_paper_inverse,xgboost,all,rd,0.3404412595624698,0.1876085605320263,0.0134494843101026,0.0033842926137652,0.0053997072137028,0.0014843001403658,486.7365705898486,1.574031038455317,-0.0004219612714967,10
xgb_log_target_sqrt,xgboost,all,rd_bt,0.3387431887846021,0.2602707518028601,0.0134498704789013,0.0042294969180147,0.0054442493614717,0.0016359493936134,382.1340191281474,1.575266905172645,-0.000562971726129,10
rf_paper_inverse,random_forest,all,rd_bt,0.334711776118115,0.384251818958443,0.0131302754132906,0.0042744166841027,0.0049480282182505,0.0013754392071848,338.64966531844465,1.5422920725641407,-0.0003857573800949,10
rf_paper_inverse,random_forest,all,rd,0.3318500333098716,0.288224522097432,0.0133604892839676,0.0039468478043505,0.005029844054887,0.0011838726464838,347.8698563923946,1.5708645816167113,-0.0001943024824983,10
xgb_paper_bagging_sqrt,xgboost,all,rd,0.3272919693917647,0.2528029570414904,0.0134968767091126,0.0039049857698654,0.0059291767906953,0.0015640894339696,559.2661666798974,1.5802821626424484,0.0001304758446125,10
xgb_paper_bagging_sqrt,xgboost,all,rd_bt,0.320693570587563,0.2838985227332578,0.013519454558658,0.0041516160952992,0.0058523720925404,0.0016723657124682,547.194604351979,1.5795035358783611,6.599748806871995e-05,10
knn_distance_inverse,knn,all,rd_bt,0.2945032929625231,0.3336759681786426,0.0136231587812929,0.0039542749436373,0.0060027560610303,0.0011641217153659,472.22417497434833,1.5945032995811832,-0.0010562689447694,10
xgb_log_target_inverse,xgboost,all,rd,0.2682230745774847,0.2612868278727017,0.0141176576793344,0.0037438662261506,0.0059397292756186,0.0013184373979119,577.1771794453819,1.6521691059584804,-0.000311709135208,10
xgb_paper_inverse,xgboost,all,rd_bt,0.2669835462026169,0.300599238809203,0.0139749843350462,0.0035693436402742,0.0055146344298072,0.0018771096196502,380.78068515304864,1.6261354440479832,-0.0004383183621069,10
knn_uniform_inverse,knn,all,rd_bt,0.2521111449355732,0.3685130289630535,0.0139513826089441,0.0041420229403436,0.006108904405667,0.0014543895097915,457.42769300417297,1.622735761121173,-0.0011399678525206,10
knn_distance_sqrt,knn,all,rd_bt,0.2401875735931145,0.3917673672883244,0.0140682580468681,0.0044640111831721,0.0060890755664809,0.0018201626724301,393.2756180047736,1.6348898882762053,-0.0011631356133286,10
knn_distance,knn,all,rd,0.2207646350619181,0.2790735327251258,0.0145694967536232,0.0041050910046422,0.0062432858819046,0.0018064021690182,372.6027692794447,1.6928540714430802,-0.0015054700144766,10
knn_uniform,knn,all,rd,0.2207646350619181,0.2790735327251258,0.0145694967536232,0.0041050910046422,0.0062432858819046,0.0018064021690182,372.6027692794447,1.6928540714430802,-0.0015054700144766,10
knn_distance_inverse,knn,all,rd,0.2047194311820549,0.4728500496779089,0.0142915931604843,0.0045658566076599,0.0061809606839403,0.0015793185551502,456.1587026607466,1.6534777472856388,-0.0014185634729766,10
knn_uniform_inverse,knn,all,rd,0.2047194311820549,0.4728500496779089,0.0142915931604843,0.0045658566076599,0.0061809606839403,0.0015793185551502,456.1587026607466,1.6534777472856388,-0.0014185634729766,10
knn_distance,knn,all,rd_bt,0.1659252540518994,0.3187398151448563,0.0149436595253192,0.0037178390625108,0.0063583668408171,0.0018236985525921,360.3942541841183,1.7424443805124803,-0.0013198850514684,10
svr_rbf_sqrt,svr,all,rd,0.1572531752466132,0.1874000963156456,0.015331109708643,0.0037300109218437,0.0089395543094946,0.0016019080831634,1603.967626575297,1.795415460770877,0.0015600715442186,10
knn_uniform,knn,all,rd_bt,0.1454935259129324,0.2920604804364137,0.0152681206396164,0.0038130607701703,0.0063593621058405,0.0018842180848854,363.60382034184,1.7785122386485817,-0.0015568792186306,10
svr_rbf_sqrt,svr,all,rd_bt,0.1454823481533697,0.1603609313777491,0.0154912282410089,0.0038117023335259,0.0092841038902209,0.0018756851724675,1807.93840589506,1.8116816371981772,0.0017102678467224,10
svr_rbf_inverse,svr,all,rd,0.1154286746390912,0.2240520227525867,0.0156042064280282,0.0034555410724063,0.0099831088711201,0.0016908522569733,2214.9867838011373,1.8156707566340275,0.0012030427267868,10
svr_rbf_inverse,svr,all,rd_bt,0.0808163167435928,0.327809111627186,0.0157907642062697,0.0038141771266793,0.0101591628782644,0.0018679372229771,2245.70045749101,1.8390802892567983,0.0017278333126585,10
knn_uniform_sqrt,knn,all,rd_bt,0.0710737137117325,0.8886424228355125,0.0148569569483358,0.0059548802646513,0.0062044960365018,0.0020478445739325,398.65573114560704,1.7316558725828637,-0.0010101441924074,10
svr_rbf,svr,all,rd_bt,0.0694734435921577,0.2277354319303766,0.0159612460510221,0.0033025314846692,0.0093286560265228,0.0015890536776505,2099.5416861384138,1.8727250993474776,-0.0008422078300772,10
knn_distance_sqrt,knn,all,rd,0.0566728098328837,0.7014292708029088,0.0152169992138083,0.005298897814316,0.0064380243826101,0.0023628745800079,384.5906208423916,1.765959978906224,-0.0011827790087283,10
knn_uniform_sqrt,knn,all,rd,0.0566728098328837,0.7014292708029088,0.0152169992138083,0.005298897814316,0.0064380243826101,0.0023628745800079,384.5906208423916,1.765959978906224,-0.0011827790087283,10
svr_rbf,svr,all,rd,0.0505161889872859,0.2328233804962295,0.0161364132585677,0.0034090978527253,0.0094630729417148,0.0014399656105768,2026.6052148997487,1.8884084725649293,-0.0007450442653407,10
mlp_log_target_sqrt,mlp,all,rd_bt,-0.6961545152191372,2.1219742307131733,0.0194673434413255,0.0090082061995652,0.0089909222151038,0.0016613067681395,1625.1456133035958,2.265218518630797,5.343732134904348e-05,10
mlp_log_target_sqrt,mlp,all,rd,-0.7998119046362822,1.910230292960544,0.0204605662405261,0.0084959706348221,0.0095134921915775,0.0038234739854117,1625.147297165392,2.361537020663116,0.0011046529875267,10
svr_linear,svr,all,rd,-1.0240694422077508,2.58325244658304,0.0209452356056846,0.009595121785364,0.0099373410682889,0.0023308598873697,2148.3765868945484,2.456439144124664,-0.0008170490341682,10
mlp_log_target_inverse,mlp,all,rd_bt,-1.1078266851328094,2.7699443599553546,0.0210398425062999,0.0098087379166102,0.0105038439419968,0.0023170757666517,2292.963262435429,2.453312660431223,0.0021613472103985,10
mlp_log_target_inverse,mlp,all,rd,-1.3325248205043485,3.667524490005588,0.021451265653503,0.0121615752113176,0.0117697644262783,0.0040766500676779,2871.0472467833342,2.5019378005695696,0.0042342082456951,10
svr_linear,svr,all,rd_bt,-3.093429239857993,4.13447324199667,0.0290166378651322,0.0137816868479818,0.0115370851340594,0.0031527304948322,2400.536817140089,3.3317623399829506,-0.0015129441194107,10
