model_id,model_family,feature_set,protocol,augmentation,R2_mean,R2_std,R2_median,R2_min,R2_max,RMSE_mean,RMSE_std,RMSE_median,RMSE_min,RMSE_max,MAE_mean,MAE_std,MAE_median,MAE_min,MAE_max,MAPE_mean,MAPE_std,MAPE_median,MAPE_min,MAPE_max,MBE_mean,MBE_std,MBE_median,MBE_min,MBE_max,NRMSE_mean,NRMSE_std,NRMSE_median,NRMSE_min,NRMSE_max
rf_baseline,random_forest,all,extrapolation_grouped,rd,0.4576134719032061,0.2215156291209969,0.5285817182047127,0.0176157442961719,0.7464878516422144,0.0122051249092407,0.0041154125215593,0.0108670982831347,0.0077747670705229,0.022120686461008,0.0048193915540913,0.0011435946560373,0.0048538134629056,0.0033715421317224,0.006357988113361,356.99210790225413,239.44608705197976,275.2997120016085,121.1968286300121,756.2690788870702,-0.0006581910470208,0.0012806331040928,-0.0004690784447119,-0.0029230114044075,0.0013057024416484,1.432580401706118,0.5260817740024364,1.318979275886509,0.8802418983403182,2.656016962899532
xgb_absoluteerror_sqrt,xgboost,all,extrapolation_grouped,rd,0.4128449998437368,0.2408040358737969,0.369466313941346,0.0624739402630464,0.8169222700897119,0.0126998002584119,0.0044545000537897,0.0125283196748625,0.0066070220788323,0.0216097417827146,0.0050820094837619,0.0014567520493986,0.0047317558768398,0.0031819166016103,0.0076334427066548,325.4106965657465,252.3176379535668,256.7365326971211,110.62513612091452,895.5593211982565,-0.0005257431820879,0.00139888641214,-0.0002231394844838,-0.00358372050141,0.0010862404404933,1.4852189037592487,0.5495816620321535,1.4252271300120252,0.7480323981791723,2.59466815552673
xgb_absoluteerror_inverse,xgboost,all,extrapolation_grouped,rd,0.4038622853316403,0.2353322306276747,0.4504011319676062,0.0382932826269485,0.7489166897233351,0.0127395333247672,0.0039429583914793,0.0122019590903375,0.0077374333602012,0.0216996210979228,0.0051343668233726,0.0013335753848689,0.0050810052293203,0.0034582429831236,0.0074878825136188,259.7126067801073,191.0700799559981,166.09839311375583,92.8994843229589,634.5266467177318,-0.000765740301906,0.0012854555036691,-0.0005535535297944,-0.0031272483114301,0.0008471171718792,1.4853449795280491,0.4816302066901364,1.396730689593812,0.876015058391595,2.6054599085868126
xgb_log_target_sqrt,xgboost,all,extrapolation_grouped,rd,0.4142446928605767,0.2224029167878946,0.37805171665024,0.0555933766505083,0.7792750374626276,0.0127733156544035,0.0044983542693985,0.0124322768145972,0.0071779830588769,0.0216888944589143,0.0052118489119693,0.0015189782539085,0.0051616406686317,0.0034083529082804,0.0073715592145467,421.5755212765524,244.79824215034495,368.3081729531469,93.06597870217809,918.0492042905512,-0.0005898009614297,0.0013854415309506,-0.0003611479165014,-0.0030131027754333,0.0018991686772291,1.4980481991042145,0.5667638732966103,1.4878173204816385,0.8058657475861675,2.6041719677622024
rf_paper_sqrt,random_forest,all,extrapolation_grouped,rd,0.4028157079928783,0.1958299522821644,0.4217491505136829,0.0454250121974704,0.7350585216024436,0.0128348004859859,0.0038448427256185,0.0122563332536444,0.0079480936648202,0.0218053433041287,0.0049742070166877,0.0009736983334878,0.0054729530187922,0.0035553980896152,0.0060113084778977,367.2705590179896,249.63965081064933,305.32450192128647,150.385568050043,943.8091053486628,-0.0004081657660855,0.0015330894217303,-0.0004129540765717,-0.0031703092631404,0.0024028269180067,1.5070232851160297,0.5000572943648072,1.4356776060037064,0.8998655512437602,2.618153907642089
xgb_baseline,xgboost,all,extrapolation_grouped,rd,0.3963813385157269,0.2043360592950771,0.4317134848903982,0.0479126896248983,0.6760650390763354,0.0129459301035685,0.003901161335506,0.0119740507888301,0.0087885435633578,0.0215491284950828,0.0054599901256287,0.0009732116609874,0.0054978889096884,0.003176468814803,0.0066436036664312,432.5497904433482,173.53823300065193,429.6164884295349,211.81585928708373,737.0665532459943,-0.0001638049869047,0.0017326941154871,-0.0006921513533824,-0.0027017487589083,0.0022896583082102,1.5198736202652463,0.505283288846192,1.5262128084561106,0.9950194262651176,2.587390356060109
xgb_paper_sqrt,xgboost,all,extrapolation_grouped,rd,0.4020799031969638,0.1420067417466167,0.4174782183733656,0.0672049135986151,0.5668177846445751,0.0129645631210865,0.0035852923223034,0.0117434252133687,0.0101293737553517,0.0215551489460383,0.00530910776435,0.0010308840658702,0.0057065979364148,0.0035284199337657,0.0063462011270148,458.1941187002154,272.2042995852975,427.1043011254476,127.36695040778832,1152.50459012369,-0.000328347238642,0.001773272049557,-0.000809265696997,-0.0029337149841374,0.0031676218876487,1.52099699217404,0.4707397600681478,1.3793185521181348,1.001150430755304,2.5881132278340138
xgb_pseudohuber_inverse,xgboost,all,extrapolation_grouped,rd,0.3612363044827688,0.2717904504843821,0.3990656448100433,-0.1197137832110699,0.7321833650873412,0.013166913537957,0.004236728071173,0.0127714655955704,0.0072759782458818,0.0218549116466102,0.0053053850058697,0.0015384365579546,0.0054056612909654,0.0036429051682979,0.0074986588200762,421.8800528361151,195.03852033013465,467.48793918146754,107.0757802407319,640.524306398804,-0.000768543285613,0.0015226873939381,-0.0009064731554559,-0.0034819403696349,0.002230620046944,1.549202711766689,0.5502405837016505,1.559410336148784,0.8168675797147529,2.6241055474651005
rf_paper_inverse,random_forest,all,extrapolation_grouped,rd,0.3318500333098716,0.288224522097432,0.4030005261932613,-0.1477631390782594,0.7519886163608083,0.0133604892839676,0.0039468478043505,0.0128803193421367,0.00768995514102,0.021826988832848,0.005029844054887,0.0011838726464838,0.0051902500172321,0.0036145498025328,0.0065861390658675,347.8698563923946,176.99580429727942,278.20516873196243,186.954515973796,638.3813620755756,-0.0001943024824983,0.001406919971289,-4.380680489595698e-05,-0.003143286361179,0.001551564692295,1.5708645816167113,0.5193633661554955,1.554832098491285,0.8706396796306936,2.620752872712672
xgb_paper_inverse,xgboost,all,extrapolation_grouped,rd,0.3404412595624698,0.1876085605320263,0.371782533663662,0.0770220104166775,0.6760236328327092,0.0134494843101026,0.0033842926137652,0.0130905752794974,0.0087891052331247,0.02144142155823,0.0053997072137028,0.0014843001403658,0.0052268404002148,0.0034872730368193,0.007766709842423,486.7365705898486,314.24203724025057,430.3516830973092,130.0366372851984,1028.9119536623812,-0.0004219612714967,0.0015617634672023,-0.000313473296206,-0.0033852465364724,0.0015723412688741,1.574031038455317,0.4397428684779953,1.586190451405295,0.995083017271425,2.574458051639661
xgb_pseudohuber_sqrt,xgboost,all,extrapolation_grouped,rd,0.3440112981506812,0.1849367685776986,0.4077848418200013,0.0694812602921652,0.6350759433844304,0.0134605095595455,0.0035425102435118,0.0130725958246763,0.009328015213676,0.0215288318242549,0.0057104448786074,0.0012520486806186,0.005803700253172,0.0038429320026919,0.0071997461360373,481.2526690012164,210.7415877203588,502.7137857261813,161.83709492111282,900.8354557791428,-3.1118305250959915e-05,0.001650456539259,0.000160120630767,-0.002802856127963,0.0026033972915145,1.579239963571672,0.4686380176435419,1.549956533549249,1.056097211010236,2.584953347511384
xgb_paper_bagging_sqrt,xgboost,all,extrapolation_grouped,rd,0.3272919693917647,0.2528029570414904,0.295821033565631,-0.021077738142367,0.7195369690310895,0.0134968767091126,0.0039049857698654,0.0132769506659257,0.0081775989965861,0.0214840020905962,0.0059291767906953,0.0015640894339696,0.0058989536980269,0.0039776639696892,0.008291796478423,559.2661666798974,276.3453131089112,464.50416160313193,187.33669781142515,1007.9474294921924,0.0001304758446125,0.0022192692373105,-0.0003541210546467,-0.0036466308963403,0.0042137653116854,1.5802821626424484,0.4991582784693232,1.5214737320362646,0.9258496363077102,2.579570669480579
xgb_log_target_inverse,xgboost,all,extrapolation_grouped,rd,0.2682230745774847,0.2612868278727017,0.3213107335393581,-0.2746919351160708,0.6258143820787014,0.0141176576793344,0.0037438662261506,0.013628956462076,0.0094456433693868,0.0219210766229484,0.0059397292756186,0.0013184373979119,0.005888293528126,0.0036849521279643,0.0078920894198142,577.1771794453819,292.81391025392736,626.1817549792995,197.74193454458657,996.77998081455,-0.000311709135208,0.0017818498852994,-0.0002026249651779,-0.0035493524179461,0.0024779473732269,1.6521691059584804,0.4810324163615208,1.6217750240424094,1.0694148101282472,2.632049934716093
knn_distance_inverse,knn,all,extrapolation_grouped,rd,0.2047194311820549,0.4728500496779089,0.3039285731317315,-0.8996552912352835,0.6618078001153465,0.0142915931604843,0.0045658566076599,0.0120529772750034,0.0096932142195478,0.0219759851781369,0.0061809606839403,0.0015793185551502,0.0057794362229027,0.0042103028471698,0.0097839462163852,456.1587026607466,299.2105211356774,455.73968650477616,123.14312172075306,1046.7933842063992,-0.0014185634729766,0.0016738813572762,-0.0010721325618538,-0.0042495765930456,0.0009387679799874,1.6534777472856388,0.5006806737087254,1.4588479111961576,1.088248503719789,2.638642770532743
knn_uniform_inverse,knn,all,extrapolation_grouped,rd,0.2047194311820549,0.4728500496779089,0.3039285731317315,-0.8996552912352835,0.6618078001153465,0.0142915931604843,0.0045658566076599,0.0120529772750034,0.0096932142195478,0.0219759851781369,0.0061809606839403,0.0015793185551502,0.0057794362229027,0.0042103028471698,0.0097839462163852,456.1587026607466,299.2105211356774,455.73968650477616,123.14312172075306,1046.7933842063992,-0.0014185634729766,0.0016738813572762,-0.0010721325618538,-0.0042495765930456,0.0009387679799874,1.6534777472856388,0.5006806737087254,1.4588479111961576,1.088248503719789,2.638642770532743
knn_distance,knn,all,extrapolation_grouped,rd,0.2207646350619181,0.2790735327251258,0.1681433188592966,-0.2896948894887139,0.66589233381723,0.0145694967536232,0.0041050910046422,0.0148070651262976,0.0098979920534205,0.0217594357600723,0.0062432858819046,0.0018064021690182,0.0058610039718529,0.0032318350515463,0.0101555266691341,372.6027692794447,199.00975519023757,307.8351854982397,158.86200316141847,816.0742288296362,-0.0015054700144766,0.0012963151946702,-0.0012948684907376,-0.0043481758843439,0.0005086985596856,1.6928540714430802,0.4850254838452726,1.6335274378913145,1.1581842378948062,2.612641817592184
knn_uniform,knn,all,extrapolation_grouped,rd,0.2207646350619181,0.2790735327251258,0.1681433188592966,-0.2896948894887139,0.66589233381723,0.0145694967536232,0.0041050910046422,0.0148070651262976,0.0098979920534205,0.0217594357600723,0.0062432858819046,0.0018064021690182,0.0058610039718529,0.0032318350515463,0.0101555266691341,372.6027692794447,199.00975519023757,307.8351854982397,158.86200316141847,816.0742288296362,-0.0015054700144766,0.0012963151946702,-0.0012948684907376,-0.0043481758843439,0.0005086985596856,1.6928540714430802,0.4850254838452726,1.6335274378913145,1.1581842378948062,2.612641817592184
knn_distance_sqrt,knn,all,extrapolation_grouped,rd,0.0566728098328837,0.7014292708029088,0.3146115778290627,-1.5012434421198917,0.5746924832615097,0.0152169992138083,0.005298897814316,0.0122950588013608,0.0095661140972898,0.0232312681951592,0.0064380243826101,0.0023628745800079,0.0055123138123307,0.0035508453608247,0.0107895255963548,384.5906208423916,209.63902759407776,378.4962819187586,158.0771086931742,862.6511272929972,-0.0011827790087283,0.0018161251594791,-0.0013646222921994,-0.0049029538585302,0.0016180064326811,1.765959978906224,0.6089095256789987,1.4854601364490132,1.0739790865030494,2.7472102611687763
knn_uniform_sqrt,knn,all,extrapolation_grouped,rd,0.0566728098328837,0.7014292708029088,0.3146115778290627,-1.5012434421198917,0.5746924832615097,0.0152169992138083,0.005298897814316,0.0122950588013608,0.0095661140972898,0.0232312681951592,0.0064380243826101,0.0023628745800079,0.0055123138123307,0.0035508453608247,0.0107895255963548,384.5906208423916,209.63902759407776,378.4962819187586,158.0771086931742,862.6511272929972,-0.0011827790087283,0.0018161251594791,-0.0013646222921994,-0.0049029538585302,0.0016180064326811,1.765959978906224,0.6089095256789987,1.4854601364490132,1.0739790865030494,2.7472102611687763
svr_rbf_sqrt,svr,all,extrapolation_grouped,rd,0.1572531752466132,0.1874000963156456,0.152278484780739,-0.1621156624409134,0.4750797529174916,0.015331109708643,0.0037300109218437,0.0149304796077519,0.0101863660769844,0.0222622004335708,0.0089395543094946,0.0016019080831634,0.0088987646699154,0.0065319608385943,0.0115786054021371,1603.967626575297,894.4240618105787,1290.2118040800633,688.8441386700441,3535.881274120285,0.0015600715442186,0.0020769089265138,0.0007652546149724,-0.0005500461129634,0.0054900239764079,1.795415460770877,0.4914264344770448,1.7252678073697312,1.1436142223355732,2.673008456914714
svr_rbf_inverse,svr,all,extrapolation_grouped,rd,0.1154286746390912,0.2240520227525867,0.1440843136364029,-0.230706002119327,0.4844637176329552,0.0156042064280282,0.0034555410724063,0.0158058540161083,0.0107901898793585,0.0209840089594349,0.0099831088711201,0.0016908522569733,0.0097071042623971,0.0074610282073954,0.0128092240201679,2214.9867838011373,1301.5445669780142,1788.1147349904186,671.7984305871764,4375.235780880232,0.0012030427267868,0.002714495531357,0.0003415196425695,-0.002373964567191,0.0057959959410804,1.8156707566340275,0.4219253155296876,1.7034560433551889,1.3280608075886433,2.5195368075098625
svr_rbf,svr,all,extrapolation_grouped,rd,0.0505161889872859,0.2328233804962295,0.0591473548714484,-0.3820847710322286,0.4162232086824547,0.0161364132585677,0.0034090978527253,0.015705066065112,0.0119902122072169,0.021635223161914,0.0094630729417148,0.0014399656105768,0.0089358735623956,0.0074914744858931,0.0120233035629824,2026.6052148997487,1311.218661642123,1848.762986604992,614.0915483073101,4032.5632140688513,-0.0007450442653407,0.0017654065673411,-0.0002758646904878,-0.0038837123591938,0.0013521363695525,1.8884084725649293,0.4463747420284341,1.7704732813347557,1.1258534220599032,2.5977276887609686
mlp_log_target_sqrt,mlp,all,extrapolation_grouped,rd,-0.7998119046362822,1.910230292960544,-0.0651838388037264,-5.993929288264433,0.2752488697643115,0.0204605662405261,0.0084959706348221,0.0179110938646691,0.0125051638862018,0.0408365098385995,0.0095134921915775,0.0038234739854117,0.0086296627994233,0.0056315110374448,0.0189358022830109,1625.147297165392,832.9044998010227,1457.5885257350133,180.43069960963248,3221.786867849342,0.0011046529875267,0.0067916892960689,-0.0014320146378844,-0.0057038085688381,0.0168061184489296,2.361537020663116,0.9330086450012944,2.0839454975075062,1.4787963471115788,4.623419147591775
svr_linear,svr,all,extrapolation_grouped,rd,-1.0240694422077508,2.58325244658304,-0.197644882501485,-8.245673349425777,0.3515125750156461,0.0209452356056846,0.009595121785364,0.0176217614403817,0.0113827681664035,0.0446646782629649,0.0099373410682889,0.0023308598873697,0.0097153391485621,0.0060883114336425,0.0151859020660658,2148.3765868945484,1129.9997577417091,1728.007073071979,1046.8646339443512,4357.904148108512,-0.0008170490341682,0.0015347903473523,-0.000614070242654,-0.0029542970640145,0.0012647383681342,2.456439144124664,1.1692805587928126,2.084640764998987,1.2779332164450676,5.2818150694583
mlp_log_target_inverse,mlp,all,extrapolation_grouped,rd,-1.3325248205043485,3.667524490005588,0.0062741737687424,-11.667135424936909,0.1482112590935252,0.021451265653503,0.0121615752113176,0.0186242841632881,0.013556915361995,0.05495752998941,0.0117697644262783,0.0040766500676779,0.0108438019129405,0.0071108888470501,0.0188003274360546,2871.0472467833342,2128.514259000163,2719.089112594434,566.441422642355,7765.127415181829,0.0042342082456951,0.0063844603667178,0.0028123357613926,-0.0026784768396422,0.0148218131573541,2.5019378005695696,1.3817202282263064,2.3269918189564915,1.339497642733672,6.22216975597691
rf_baseline,random_forest,all,extrapolation_grouped,rd_bt,0.4477179511750996,0.2468333374667108,0.51222384212877,0.0243932211194322,0.7640511822873677,0.0122182300161163,0.0040601557739882,0.0108208281101484,0.0075006154737722,0.0220442490009238,0.0048563369498736,0.0012660875768979,0.004751716030213,0.0033725337994364,0.0066033659437083,333.92268465313,215.1589105309497,278.5447567752793,111.42831997496762,700.8768104469468,-0.0006615923241383,0.0012673662201457,-0.0005408566786547,-0.0029126278703939,0.0012145531085133,1.4333704657069206,0.518600144406231,1.3188817594947913,0.8492030620937804,2.646839164961725
xgb_paper_sqrt,xgboost,all,extrapolation_grouped,rd_bt,0.4411464581800027,0.1547963208346552,0.439068232282671,0.0734021224821236,0.625391244361148,0.0125722435162525,0.0038315908780658,0.0119341789793556,0.0088750774447433,0.021483426671878,0.0051301093069046,0.00088210616465,0.0054402971041754,0.0033824424068438,0.0060925042260108,437.7957213857526,287.27890177982204,350.63004873119365,148.4484816048622,1109.1713260945496,-0.0002477328580196,0.0017029197600391,-0.0007384032626817,-0.0029637802890643,0.0029950989137308,1.476954341136414,0.4990301323628484,1.401039796568282,0.9395194839300705,2.579501579315639
xgb_absoluteerror_inverse,xgboost,all,extrapolation_grouped,rd_bt,0.4223354277181347,0.1972856437888435,0.4118338409959526,0.057485920841967,0.7506876861889742,0.0126317695648815,0.0038718016115101,0.0118799886782905,0.0077100973817276,0.0216671518244504,0.0049877776153031,0.0011308272575123,0.0048110728997448,0.0034341835227121,0.0066467295453321,283.67705016189126,240.73653421711265,160.32954164188587,101.65633838611872,721.3009088571464,-0.0008651679220605,0.0016867836466071,-0.0007948166015229,-0.0036140478823337,0.0026268570142364,1.472917874407446,0.4758362066960242,1.3940091072219432,0.8729201394871087,2.6015613432657143
rf_paper_sqrt,random_forest,all,extrapolation_grouped,rd_bt,0.3875936661623608,0.218371781606508,0.42684476031887,0.0473291159865136,0.747906422950119,0.0129248827191651,0.0037945115340774,0.0121870672445889,0.0077529840245427,0.0217835847398669,0.0049591246664262,0.0010059890633677,0.0053226051690976,0.0034212699375747,0.0061414554399597,349.0416896698669,239.7992327092006,289.6622285805772,139.03547290819208,906.1734507050048,-0.0004380810824827,0.0016306525150199,-0.0005547853088175,-0.0031885237978066,0.0029637435163911,1.5153388302165718,0.4878891182357253,1.4532399675810517,0.8777756701470717,2.615541370464744
xgb_absoluteerror_sqrt,xgboost,all,extrapolation_grouped,rd_bt,0.3929201153294919,0.224143387160496,0.4232616302526039,0.0640543418748592,0.8306469282036881,0.0129873094884274,0.0044297745769742,0.0129226768387597,0.0063545461479673,0.0215915201689277,0.0050444327076387,0.0013092258768337,0.0047348558906286,0.0032465301965788,0.0071066813074809,289.6802267841796,172.5959999792763,209.08182308724088,105.63813619251891,594.9634460549091,-0.000546348916027,0.001536098560052,-0.0003625530410614,-0.0037980650385459,0.00149991660881,1.5223031470297754,0.5569042471701618,1.5245297271647076,0.7194476327895538,2.592480297776716
rf_paper_inverse,random_forest,all,extrapolation_grouped,rd_bt,0.334711776118115,0.384251818958443,0.4799959082669262,-0.4765013212898661,0.7547232266237206,0.0131302754132906,0.0042744166841027,0.012070972743988,0.0076474423356825,0.0218934759023804,0.0049480282182505,0.0013754392071848,0.0046193805551582,0.0031534804350624,0.0070554337998874,338.64966531844465,168.77797265385286,269.4149348419167,191.29544943506852,654.3456343160607,-0.0003857573800949,0.0013427367595549,-0.0003293835311093,-0.0028297825772568,0.0013603762480247,1.5422920725641407,0.5473003564007093,1.4932668580146742,0.8658264740214922,2.628735933491672
xgb_pseudohuber_inverse,xgboost,all,extrapolation_grouped,rd_bt,0.3614198690859703,0.2544011860092313,0.371789969881484,0.04720950778591,0.7582267882576854,0.0132042724070845,0.0042998503897841,0.0128133824784932,0.0074634820462137,0.021784952165723,0.0053434821381803,0.0016099733229352,0.0054889165661787,0.0035529010306551,0.0076635177761053,461.24667474420687,258.9032119213094,471.0442064028256,118.0992420133778,918.8310227229676,-0.0005804934233867,0.0014612887790432,-0.0004554220830538,-0.003478601179041,0.0017469950597343,1.5509590221762042,0.5511574447862395,1.5745945147707832,0.837918463924188,2.61570555643048
xgb_pseudohuber_sqrt,xgboost,all,extrapolation_grouped,rd_bt,0.3550647699752795,0.2234672199667878,0.3820661546929669,-0.0518394428717901,0.720330826578007,0.0132620167901768,0.0036721783231552,0.0124824451025053,0.0081660173471184,0.0215392082994004,0.0054835437739225,0.001383164704518,0.0052724945210497,0.0036287835856045,0.0076748452126301,469.1399267186081,267.57598635781125,434.8537754160135,180.75480780327493,954.1313561793188,-0.0001829425853274,0.001620001333212,-3.597853845211278e-05,-0.0032105163220405,0.001859227015585,1.5545911799742158,0.4776251232310373,1.5198245375482478,0.9245383876206544,2.586199244380362
xgb_log_target_sqrt,xgboost,all,extrapolation_grouped,rd_bt,0.3387431887846021,0.2602707518028601,0.3640574992925662,-0.1632472999672993,0.784346900731203,0.0134498704789013,0.0042294969180147,0.0126417307899794,0.0071707709555633,0.0216277151048692,0.0054442493614717,0.0016359493936134,0.0051767984949089,0.0034988123345151,0.0083732617714198,382.1340191281474,199.67606716895472,379.9542945844855,106.51165942239392,698.2744111191644,-0.000562971726129,0.0014918777251428,-0.0006513167504675,-0.0030784943900829,0.001849476903511,1.575266905172645,0.535314477548655,1.550881987269728,0.8118587966988633,2.5968262010560315
xgb_log_target_inverse,xgboost,all,extrapolation_grouped,rd_bt,0.3479670225180712,0.1967000145012484,0.3539292448378704,0.0238140879848808,0.7257987788968725,0.0134526259617212,0.0039439055750185,0.0125494382575712,0.0080857943404413,0.0220507909096426,0.0054062810257506,0.0011736688939264,0.0050922358884787,0.0036297737488695,0.0070637418676095,459.3572305493384,268.3138946824877,433.8864220223636,190.3417485343516,981.9307601425836,-0.0006626507660698,0.0014086202511534,-0.0003462418343336,-0.0036113307379403,0.0011700518763017,1.5766544041277502,0.5069434144737338,1.5229332978563868,0.91545571658403,2.6476246478425325
xgb_baseline,xgboost,all,extrapolation_grouped,rd_bt,0.3419693817578942,0.1783512457931399,0.3975112516828523,-0.0142171395912817,0.5819746994587502,0.0135002901060075,0.0034374257343677,0.0125766512793735,0.0099836485111471,0.021550610767249,0.0056473941580974,0.0009830936759486,0.005754507587076,0.0032830206957755,0.0068453616243396,453.39895688246105,239.8736242362889,384.2362629306223,187.45975738038388,977.6108990293804,-9.137299746405e-05,0.0018358152024745,-0.0004819940243259,-0.0027894912135377,0.0032414775759344,1.5832492958381912,0.4552522747478341,1.5722334202511028,1.0887169274852693,2.587568331550343
xgb_paper_bagging_sqrt,xgboost,all,extrapolation_grouped,rd_bt,0.320693570587563,0.2838985227332578,0.2924388958151421,-0.086124555795866,0.7359621221967413,0.013519454558658,0.0041516160952992,0.0131843541999113,0.0079345283366268,0.0214726162720938,0.0058523720925404,0.0016723657124682,0.0054761263241962,0.0039688354616655,0.0088794792762203,547.194604351979,272.8349615875669,474.2607441888691,194.13813453147344,943.9023389631004,6.599748806871995e-05,0.0021438551551279,-0.0003277437391742,-0.0036604746759546,0.003902424093848,1.5795035358783611,0.5135971684795562,1.4772125624194772,0.8983297148473489,2.578203581387174
knn_distance_inverse,knn,all,extrapolation_grouped,rd_bt,0.2945032929625231,0.3336759681786426,0.3689070791648228,-0.4114546373036587,0.7038886254309022,0.0136231587812929,0.0039542749436373,0.0124834748611632,0.0093181870825936,0.021755079378889,0.0060027560610303,0.0011641217153659,0.006192108075133,0.0035817274114897,0.0073602332072155,472.22417497434833,264.94676072164805,506.7252902920197,182.2298334805411,890.3952000578558,-0.0010562689447694,0.0013657108834844,-0.0007766386425285,-0.0037756157481679,0.0002049487541419,1.5945032995811832,0.509102004901874,1.4201211247280383,1.167215527178581,2.6121187496331464
knn_uniform_inverse,knn,all,extrapolation_grouped,rd_bt,0.2521111449355732,0.3685130289630535,0.307245693936381,-0.298127377862927,0.7014151039098075,0.0139513826089441,0.0041420229403436,0.0129288166699166,0.0093570251765075,0.0215626019173294,0.006108904405667,0.0014543895097915,0.006072354537615,0.0038108594687338,0.0091209130706691,457.42769300417297,242.2844193812731,477.0548337647113,172.2770760000988,816.403755387846,-0.0011399678525206,0.0014759185512336,-0.0010210706886352,-0.004284702187574,0.0007724343387669,1.622735761121173,0.4953674563663169,1.5091597674633266,1.1118442932875825,2.5890081014270305
xgb_paper_inverse,xgboost,all,extrapolation_grouped,rd_bt,0.2669835462026169,0.300599238809203,0.3875401671976796,-0.3226585982488514,0.6664558071930857,0.0139749843350462,0.0035693436402742,0.0139424802850804,0.0089179429678538,0.0214393063206074,0.0055146344298072,0.0018771096196502,0.0049702771835992,0.003448339766983,0.0094328026809987,380.78068515304864,274.9385859730285,306.7209567164283,143.3640388848518,1079.1026989872755,-0.0004383183621069,0.0017450147110503,-0.0005951031651588,-0.0031181425623558,0.0028419442176258,1.6261354440479832,0.4223443119266745,1.651775287738463,1.00966974008474,2.574204076383689
knn_distance_sqrt,knn,all,extrapolation_grouped,rd_bt,0.2401875735931145,0.3917673672883244,0.3177640704938798,-0.357839941005085,0.7009558262407161,0.0140682580468681,0.0044640111831721,0.0122241749914418,0.009364218811326,0.0221947286860969,0.0060890755664809,0.0018201626724301,0.0055961209605333,0.0032611463917525,0.0094672715089788,393.2756180047736,203.4617884274064,409.1330927392783,171.08255467252067,826.7495667407941,-0.0011631356133286,0.0017508126747923,-0.0011162967188399,-0.0049073996980106,0.0020441463414634,1.6348898882762053,0.5277626922557115,1.4544489857529226,1.1031850647696655,2.6649071664722657
knn_uniform_sqrt,knn,all,extrapolation_grouped,rd_bt,0.0710737137117325,0.8886424228355125,0.2955905167636077,-2.3356027000521875,0.7162042209269138,0.0148569569483358,0.0059548802646513,0.0122353774489169,0.0091223524244956,0.0268276168682292,0.0062044960365018,0.0020478445739325,0.0056212271639255,0.0032709567010309,0.0107200072433714,398.65573114560704,184.3629059501916,440.4977145391134,171.36785502844612,636.2901474085457,-0.0010101441924074,0.001700467171368,-0.0011068482775618,-0.0048024814686431,0.0015570051318005,1.7316558725828637,0.7191211873677212,1.4236422961192703,1.1422683868213357,3.17249595346935
knn_distance,knn,all,extrapolation_grouped,rd_bt,0.1659252540518994,0.3187398151448563,0.1652494365373464,-0.4233278508584857,0.569199658384436,0.0149436595253192,0.0037178390625108,0.014522369524044,0.0101350528629664,0.021484160911666,0.0063583668408171,0.0018236985525921,0.0059118947887037,0.0036129003436426,0.0096677077026003,360.3942541841183,190.17562860021792,370.172463783813,157.8435000457685,792.602430166034,-0.0013198850514684,0.0013205560509323,-0.0011000208137409,-0.0042211325774112,0.0002837455966277,1.7424443805124803,0.4607031428521283,1.5521709813079083,1.147468225215518,2.5795897390269205
knn_uniform,knn,all,extrapolation_grouped,rd_bt,0.1454935259129324,0.2920604804364137,0.1751947170723502,-0.5042303340322887,0.5894868609319488,0.0152681206396164,0.0038130607701703,0.0154668662765747,0.0098935358018575,0.0214304852763839,0.0063593621058405,0.0018842180848854,0.0060870143497401,0.0043587216494845,0.0111429331108765,363.60382034184,248.4626865215729,270.7070450062996,156.06277547191974,999.1530519169354,-0.0015568792186306,0.0014625284945767,-0.0015172534562188,-0.0044009999125032,0.0015053295301501,1.7785122386485817,0.4600948938203286,1.7845323005947171,1.120124198774121,2.5731449391309056
svr_rbf_sqrt,svr,all,extrapolation_grouped,rd_bt,0.1454823481533697,0.1603609313777491,0.1675949111301483,-0.1135945258759438,0.3350604971088395,0.0154912282410089,0.0038117023335259,0.0142246038443397,0.0114647261282659,0.0220562728038727,0.0092841038902209,0.0018756851724675,0.009267463776772,0.0054844217565388,0.0127188712654216,1807.93840589506,1136.3946172406866,1296.3432091177533,726.1687684117655,3816.3055306840297,0.0017102678467224,0.002378611061417,0.0010871437863698,-0.0009049121929409,0.0060016095727659,1.8116816371981772,0.4937247205045368,1.6607219116416223,1.2871345636292435,2.648282855447881
svr_rbf_inverse,svr,all,extrapolation_grouped,rd_bt,0.0808163167435928,0.327809111627186,0.1093237784135221,-0.6965827574125127,0.5375982759135167,0.0157907642062697,0.0038141771266793,0.014931268538563,0.0105628919384201,0.0218595732207836,0.0101591628782644,0.0018679372229771,0.009955118918809,0.0074829995828302,0.0136216254691342,2245.70045749101,1061.4755779992647,2115.720136072006,949.5477916430086,3881.7835402539727,0.0017278333126585,0.0022095185207304,0.0013861603204257,-0.0016738678253904,0.0051031000628476,1.8390802892567983,0.4716297932854928,1.6420235089286137,1.3312953246264527,2.62466525975523
svr_rbf,svr,all,extrapolation_grouped,rd_bt,0.0694734435921577,0.2277354319303766,0.0572710898293118,-0.3047407518132572,0.4315520400365675,0.0159612460510221,0.0033025314846692,0.0149760902918267,0.0112599657640213,0.0216258842613974,0.0093286560265228,0.0015890536776505,0.0088832319225496,0.0077755747754329,0.0123029741589089,2099.5416861384138,1315.4971999006318,2048.4137396423985,565.6976872530332,3701.360382636495,-0.0008422078300772,0.0022064293262874,-0.0012917668202,-0.0044089095636124,0.0027673296905366,1.8727250993474776,0.4498198899854673,1.781798847432314,1.0572849561470228,2.5966063728275524
mlp_log_target_sqrt,mlp,all,extrapolation_grouped,rd_bt,-0.6961545152191372,2.1219742307131733,-0.0158739838089158,-6.663559396414919,0.315979824330442,0.0194673434413255,0.0090082061995652,0.016633804613262,0.0121486883976138,0.0427467658814984,0.0089909222151038,0.0016613067681395,0.008939857728225,0.0061382249419873,0.0118473800478241,1625.1456133035958,883.8673887588723,1559.239000076775,520.3476147168661,3460.018263103634,5.343732134904348e-05,0.0040271483526017,0.0002916273107138,-0.0069319306476033,0.0068755037482962,2.265218518630797,1.029096856609098,1.9357560744382845,1.4140160584401262,4.839694103518429
mlp_log_target_inverse,mlp,all,extrapolation_grouped,rd_bt,-1.1078266851328094,2.7699443599553546,0.0003838938819688,-8.83971707827905,0.1385860947182945,0.0210398425062999,0.0098087379166102,0.0181101788849652,0.0146949627465821,0.048437230603052,0.0105038439419968,0.0023170757666517,0.0105724784802159,0.0077477120278749,0.0159331539726482,2292.963262435429,1180.8637039330033,2210.98251778569,735.4842874014935,4588.093262921941,0.0021613472103985,0.0043812960531942,0.0011603469165881,-0.0033431329633651,0.0108758999573341,2.453312660431223,1.115846627761235,2.166346643732335,1.3798232933128745,5.483955908856605
svr_linear,svr,all,extrapolation_grouped,rd_bt,-3.093429239857993,4.13447324199667,-1.638008004010827,-11.707978696081428,0.3069785869908201,0.0290166378651322,0.0137816868479818,0.0255934199668355,0.0117043134586058,0.0523640436413671,0.0115370851340594,0.0031527304948322,0.011508508763956,0.0068640174650113,0.0181158061864633,2400.536817140089,1343.939924200127,2009.2847964303344,738.2962279948119,5185.131914579064,-0.0015129441194107,0.0033733382779675,-0.0009425352456826,-0.007458125259811,0.0052973581002577,3.3317623399829506,1.487022020505302,3.145077275328515,1.3140328192385018,6.192302408950232
rf_baseline,random_forest,all,interpolation_random,rd,0.8790041743909113,0.0177987064667322,0.8768229987500151,0.8532439025076363,0.906425742340476,0.0062627653771392,0.0004717928375938,0.0063791901707228,0.0054968065179577,0.0070251367635701,0.002102863564216,0.0001731963140187,0.0020825742623481,0.001871986396979,0.0025103298815317,73.76729630316844,19.621528565796293,71.85398254304894,39.00662586419056,102.46599285192084,-3.8846838897512336e-05,0.0003824322314488,-5.804091671155947e-05,-0.0006583967489825,0.0004862265745217,0.6972885679001785,0.0506455807902531,0.6957120384131675,0.6219472278961559,0.7809130320390456
xgb_absoluteerror_sqrt,xgboost,all,interpolation_random,rd,0.8752335607653077,0.0294438136144741,0.8772033883547101,0.8113050722885515,0.9052134446486204,0.0063375283866942,0.0006797672308537,0.006438672142601,0.0052029324892459,0.0073238263795304,0.0020276488880091,0.0001657280261572,0.001997089815388,0.0017701705285075,0.0023201551128181,82.33169097083447,29.04281014967964,70.41953727423709,55.67581569837119,146.06178298341007,-0.0001638928331903,0.0003435908301033,-0.000263616335806,-0.0007661993425739,0.0003216620661731,0.7055690082179842,0.0763714854840566,0.6996128266016789,0.6012880544254443,0.8576384499096814
xgb_baseline,xgboost,all,interpolation_random,rd,0.8727218922025444,0.0367240962583227,0.876056842054916,0.8071410209476646,0.9361983217580072,0.0063604932183653,0.0008506908793818,0.0063055052511757,0.0048007449094014,0.0077223869523921,0.002273584032896,0.0003838918193811,0.0021873888259984,0.0018981830589969,0.0031792675087447,141.2548864499636,45.22129515395554,141.34714869418497,75.75786451812577,231.8982707089369,5.847344987744438e-05,0.0003968550078838,-3.974065919627812e-05,-0.0005568712133794,0.0009099824993995,0.709006269427625,0.0987739834217202,0.7044056302764843,0.513560239241626,0.8466815415459077
rf_paper_sqrt,random_forest,all,interpolation_random,rd,0.8685087513108481,0.0324412262794943,0.8759887853197411,0.7936600658022701,0.9061420846215544,0.0064999948571456,0.0007328078707268,0.006388471474892,0.0058227484822035,0.0080876576338213,0.0020421887184849,0.0001176540801102,0.0020628816405378,0.0018076856161186,0.0022089511571989,79.21930158887132,33.26206307628257,70.16651683918607,41.41136932998271,155.76383165991447,2.586983429656209e-05,0.0003630513216374,9.29600239546734e-06,-0.0006492547726547,0.0005237373744914,0.7240305597880431,0.0833761893302611,0.6970529325864474,0.6228891890731765,0.9026562572309146
xgb_log_target_inverse,xgboost,all,interpolation_random,rd,0.8645115454528384,0.0376355808277552,0.8613992081403149,0.8020908516755613,0.934035166316298,0.0065613329965122,0.0008266682510226,0.0065761875692938,0.004881449656398,0.0076541694637677,0.0023542742823473,0.0003921353668253,0.0024002081512699,0.001868202372646,0.0028535912111864,171.81292194706688,64.24559983365212,168.56687852755744,96.99439891623636,336.63391588825283,8.576241850634837e-07,0.0003529913526974,-1.7580378776752196e-05,-0.0006349927775506,0.0004884094558138,0.7318766655047139,0.1015648374217404,0.7430344125963506,0.5221936388405731,0.8783286822834694
xgb_log_target_sqrt,xgboost,all,interpolation_random,rd,0.8629003017395483,0.0483678195738486,0.8681075483905996,0.7462665684877279,0.9232962334842842,0.0065766300401574,0.0009168005795494,0.0066409041498569,0.0052638187166517,0.0084927193701763,0.0022735484238878,0.0002477315886339,0.0023180519531889,0.0018753252748075,0.0026072902152217,182.5453930205808,109.37789682805806,153.38900944370667,120.87730830273615,489.8462501959015,2.808752355416345e-06,0.0003317311537338,6.431763326019953e-06,-0.0005857473656388,0.0004885942178482,0.7339745184039921,0.1162464096858759,0.7141348850315647,0.5630976130713077,0.9945187527264752
xgb_absoluteerror_inverse,xgboost,all,interpolation_random,rd,0.8655067876779435,0.0200962692698047,0.863118635916545,0.8408173161746977,0.894845511826467,0.0066148940562032,0.0006550780167338,0.0068576872253176,0.0054061104949987,0.0074268282529334,0.0022671576597242,0.0001785269667802,0.0023032839013992,0.0019322858276816,0.0024650682308446,97.4078758576032,32.18028113687921,84.80909699534831,65.12007939936066,172.83688756637213,-0.0002908267446623,0.0003314929475274,-0.0002380492921926,-0.0010456020693208,0.000100322341276,0.7352419892564727,0.0564743464578593,0.7493232548148334,0.6443849952073409,0.8143452031725306
xgb_paper_sqrt,xgboost,all,interpolation_random,rd,0.8630731929438589,0.0252872767984383,0.8655816193656968,0.7992724909591721,0.8855498811019072,0.0066545012040002,0.0005436754670234,0.0066159969468238,0.0056400004044318,0.0075537285637733,0.0023530125356479,0.0003313206378994,0.0022578994740766,0.0019768916660468,0.0030145546082571,164.16994562191127,60.78664629130121,141.914566693047,100.63809052883302,260.3753556202761,3.3712732307076305e-05,0.0004037614347844,1.304915068466794e-06,-0.0007737554273785,0.0005019937373739,0.740982699941843,0.0618572160571568,0.722251188609681,0.6722636610815382,0.8845605726781786
xgb_paper_inverse,xgboost,all,interpolation_random,rd,0.8601293615386479,0.0309400313112836,0.8592509767185605,0.7945492293082504,0.901378148985526,0.0067024928883106,0.0005927629383147,0.0066288480471181,0.0059686917906781,0.0076420841325916,0.0024301650991514,0.0003215605451552,0.0023687359484547,0.0019797281235627,0.0028962576469393,188.1790279663135,66.46466106026493,175.50845682759217,120.93443224328178,317.03732401881456,6.5895362175914e-05,0.0004325542732671,1.7359273504698355e-05,-0.000776720221255,0.0006499083124216,0.7470216190753758,0.0739587904329851,0.7513862742821298,0.6385014912950994,0.8949072315359003
xgb_pseudohuber_sqrt,xgboost,all,interpolation_random,rd,0.856099818436548,0.0293329474039143,0.8580710471037192,0.8176789791406776,0.9032380907169651,0.0068032276132191,0.0005996459707505,0.0068514695059617,0.0059121411398448,0.0079593740610187,0.0023230589611465,0.0002586163523742,0.0023277672990106,0.0018939311118799,0.0027328268233051,191.79594940357907,94.2653263632749,185.4575896021346,79.38005238394878,397.8794094359973,7.645266653868844e-05,0.000404845453593,-3.2139642675545335e-05,-0.0006449141708338,0.0006308533424347,0.758257813252756,0.0743738291735006,0.7471032922888855,0.632451978913309,0.8847626943513502
xgb_pseudohuber_inverse,xgboost,all,interpolation_random,rd,0.8503755249702921,0.0618955757853597,0.857387416985215,0.6972048897073608,0.9073511455338764,0.0068344675368634,0.0010771358713116,0.0065167982680417,0.0057851231153342,0.009277529757924,0.0023993589999407,0.0003204652895873,0.0022926956979859,0.0021070086188016,0.0031826543658538,203.6639329534452,109.7404114604014,164.3011157547633,105.3086684998494,462.0982876572473,7.025637352979307e-05,0.0004145794245131,4.3840184864292406e-05,-0.000698213284332,0.0006157879108124,0.7636329583255703,0.1392162768443113,0.7445404973897514,0.6188642111217143,1.0864220187981897
rf_paper_inverse,random_forest,all,interpolation_random,rd,0.8479918647747109,0.039872056995693,0.8479030528719549,0.7702771489148664,0.9230926067947728,0.0069764400593529,0.0009457621555259,0.0070599882462412,0.0052708010566586,0.0085336183002616,0.0023386033026138,0.0003026150857619,0.0023950271194846,0.0019723107044187,0.0027481979032339,136.63719968468172,58.80191630548308,144.92381528076203,46.13740861801405,239.94346320492824,1.9546833426852117e-05,0.0004424547020114,1.1518810541978417e-05,-0.0007577664272137,0.0007412903241107,0.7770141294919622,0.1048899288510296,0.7672620491309234,0.5638445496972058,0.9524295295758982
xgb_paper_bagging_sqrt,xgboost,all,interpolation_random,rd,0.799670699786396,0.0451927809461206,0.7873194975613811,0.7207699137586245,0.8678161381035272,0.0080224456226151,0.00082097365926,0.0084387060215022,0.0065036865572453,0.0088095173710395,0.0031514627661159,0.0004707819745605,0.0029642281654741,0.0025421982202307,0.0040313422578265,225.98153295906408,80.49423155103756,237.53029324396897,110.9667902483698,363.7209052054436,-0.0001170132810196,0.0003666353159388,-0.0001115788058947,-0.0009436866682085,0.0004872886454083,0.8934627599394321,0.0938788005667235,0.9275767640177912,0.742078500306625,1.0500563786418884
knn_uniform,knn,all,interpolation_random,rd,0.7287625736616812,0.0598097139336456,0.7141998429658816,0.6602859166042417,0.8352754342225921,0.0093127778183018,0.0007526873529318,0.0094383288819662,0.007713860212418,0.0102783915169265,0.0034760124833388,0.0002771657756117,0.0035098099934253,0.0031066544468335,0.0038606110401825,62.87653077216852,12.934276143738272,61.29624971639909,41.65476903952406,81.15266533970191,-2.252147546559233e-05,0.0005162817639636,-4.89129330460764e-05,-0.0008353617608718,0.0007961008996089,1.0391554377788528,0.1074409085041061,1.0540734425634404,0.8251910840769414,1.1582126073880816
knn_uniform_sqrt,knn,all,interpolation_random,rd,0.725970433956522,0.0494418844103775,0.7316728949977882,0.6269448548699293,0.7944881964045925,0.0094029538034216,0.0006774735772113,0.009305230375235,0.0086653356106266,0.0108747086818538,0.0034774198313809,0.0002541883770499,0.0034449328449328,0.0031456113306601,0.0038769861932938,73.3076958465258,14.596214620971374,72.0931500523132,56.13488100099481,110.7370958781194,-1.205205184580966e-05,0.0004908335800891,0.0001244349889912,-0.0011902102727068,0.0004882586644125,1.0477008993333723,0.08408218792173,1.0205511242059584,0.9546775869078752,1.2137165396553324
knn_distance_sqrt,knn,all,interpolation_random,rd,0.7245034335646434,0.0496146114125743,0.7219974037281047,0.6269448548699293,0.7859677487919093,0.0094285048393549,0.0006876562691149,0.0094444824190789,0.0085175213764581,0.0108747086818538,0.0035316381775474,0.0002134269792943,0.0034776180144641,0.0033039684418145,0.0038769861932938,77.64206753069217,19.548177203074903,75.68745998606946,54.70743200465352,119.64518476189316,-2.190893353583628e-05,0.0005565603369604,0.0002118297172911,-0.0013324457593688,0.0004590059171597,1.050370650809973,0.0827338413266399,1.0231331182077148,0.9406216075377916,1.2137165396553324
knn_distance_inverse,knn,all,interpolation_random,rd,0.7194387825259179,0.0624138091499962,0.7419109068423082,0.617968843008702,0.8078145329796034,0.0094934301301121,0.0008670316881641,0.0094347453714364,0.0082938103179528,0.0109432254625651,0.0036797921441635,0.0003590735528489,0.0036294173024375,0.0031770650887573,0.004248517892364,103.1352034708043,42.29912939579359,92.49611414890842,45.99805201506004,167.6529882870349,-0.0001479816110212,0.0006264920241995,-0.0001188433408481,-0.0012593998309382,0.0007524258452694,1.05820745760292,0.1086724002926926,1.0347873449328662,0.8913240253030282,1.221363636458211
knn_uniform_inverse,knn,all,interpolation_random,rd,0.7162385797480789,0.0578834864894281,0.7303519969045194,0.6182389835192716,0.8078145329796034,0.00955714320456,0.0008267031885584,0.0096515598738415,0.0083320688599638,0.0110008667380013,0.0037488582067228,0.0003298767259345,0.0037571334648257,0.0031770650887573,0.0043440039447731,113.00290787736073,39.61572485566652,102.58998787495752,56.37619382983657,188.3119425099768,-0.000143494651601,0.0006002146049284,-0.0001111660518591,-0.0013205562130177,0.0006197742713127,1.0646197790184426,0.0963456973264447,1.06216402431333,0.8913240253030282,1.2277969278143746
knn_distance,knn,all,interpolation_random,rd,0.7079614834296825,0.0846347272466036,0.7145145697870181,0.510942759243096,0.8035590023766361,0.0096311096902166,0.0009762077019379,0.009692473946469,0.0085093237234605,0.0117906507088298,0.0035277561374251,0.0002695966078697,0.0034438832534985,0.0032392853697108,0.0039498871565996,67.19099976581631,19.87982294416908,63.06690660880838,43.37329310424105,113.4744203473664,-0.0001170300454846,0.0006657647785941,-0.0001923668639053,-0.001194030243261,0.000880096507327,1.075265822179545,0.1375092940111549,1.0695151346070553,0.91028588472735,1.3807147894179772
mlp_log_target_inverse,mlp,all,interpolation_random,rd,0.6757517559034653,0.0661294158935599,0.6751144548952673,0.5694921297346802,0.7984688713062194,0.0102073725537541,0.0008639501303597,0.0105112526898041,0.0085322514801192,0.0110973815443515,0.0058122205998783,0.0009017029021186,0.0054135085213975,0.0048891538211478,0.007434524703561,748.152767501021,376.3815960689576,686.4233104649109,269.0628021710992,1437.877572491377,-0.0001660192153274,0.0029971432757596,0.0004025845000409,-0.0051254991199094,0.0049654277944148,1.137720171540706,0.1079826709943642,1.1512500827747107,0.9127385841348692,1.2954321699114866
mlp_log_target_sqrt,mlp,all,interpolation_random,rd,0.6333893810256163,0.2038329359888766,0.7056477235311848,0.0711809549892351,0.7520315422396708,0.0106050562921952,0.002016788940404,0.010318878831785,0.0089666577313394,0.0160670656032033,0.0052778163400989,0.0006351090710889,0.0052954583087866,0.0039849020299105,0.0061178705241512,721.9893394298907,330.0396417727593,663.8762920877025,243.04102300511423,1405.71682754641,0.0011007278977519,0.001807801743278,0.0019960353601369,-0.0021037118761016,0.0029294507050627,1.1864226490927894,0.2674259101118706,1.0879593271789938,1.0362510359532529,1.9151247465796744
svr_rbf_inverse,svr,all,interpolation_random,rd,0.6476972045597258,0.0713180320735985,0.6296549165439563,0.562040786776977,0.7491015881403077,0.0106337922438278,0.0007763931532918,0.01057466225356,0.0095201005407617,0.0118225265414992,0.0072778524921962,0.0004520578848019,0.0072197736214632,0.0064256621598826,0.0081873776539979,1718.5026480825811,277.03818252686506,1715.7479540906652,1353.6415721431906,2227.220871091922,0.0006424860003603,0.0009830528461389,0.0009237784763497,-0.0012230926174647,0.0017264213531296,1.1857877733643256,0.1072167280955797,1.1989078996531115,1.018413851097014,1.3141900803639857
svr_rbf,svr,all,interpolation_random,rd,0.621206567639199,0.1570291489181246,0.6559748880226042,0.2162772829933198,0.7789106804237955,0.0108654415962085,0.0015193581808736,0.0104890495011993,0.0089366852085309,0.0147588401408062,0.0073661358158977,0.0006357095023156,0.0073504916263049,0.0064804950876882,0.0082785313424417,1622.7305019335895,279.6424752248575,1621.9201909208473,1188.653646617637,2251.478652852529,0.001019035525282,0.0011837308150167,0.0010512037709893,-0.0004819805638578,0.0033354434821704,1.215273325327305,0.2141613810689991,1.1683173392033197,0.9560029287814094,1.7591899281743226
svr_rbf_sqrt,svr,all,interpolation_random,rd,0.6139875630384939,0.0592401365315716,0.605534550556183,0.5241311597453411,0.7059387989343917,0.0111682331899279,0.0006337854221706,0.011084398724657,0.0103065055664188,0.0122452428206023,0.0073644707401277,0.0004278345193257,0.0073248566903906,0.0068133546433551,0.0080595515389232,1631.7636122217295,333.9943932763746,1625.2706337380496,1155.0602520692012,2324.140027903745,0.0005762343375573,0.0012440570006458,0.0004673190181636,-0.0010698474712123,0.0030966466186404,1.2443442335777737,0.0817518909788682,1.237362139765422,1.1025396192306944,1.3619706986382751
svr_linear,svr,all,interpolation_random,rd,0.3356852794941679,0.2014034701322942,0.3862044451851928,-0.2254145347512626,0.4527877742815411,0.0145847530641181,0.0017701424955478,0.0142313972444345,0.0126200652403474,0.0184549352014695,0.0077970054335577,0.0004798233828195,0.0078470246728102,0.0067482403855283,0.008497567259868,1489.2420020816908,471.6917289028039,1473.4303122745284,775.6605083405891,2587.980263608351,-0.0009355486771299,0.0013889036116797,-0.0010792220074935,-0.0029662197270533,0.0005772242581906,1.625862027476956,0.2207805028046547,1.5677781312900128,1.4261921970946356,2.1997484776443548
xgb_baseline,xgboost,all,interpolation_random,rd_bt,0.8782674302783882,0.0310433004280065,0.8822518235862503,0.8259170625449619,0.9284774919293788,0.0062355996208577,0.0006983651002771,0.0061651623624307,0.0050829278660014,0.0073368515330067,0.0022261108685414,0.0003668509645794,0.0021131863865985,0.0018498511082057,0.0031036742827541,138.55806264953245,66.30308570553318,118.28640269784418,74.49347007975558,293.9132878822289,9.845903481219534e-05,0.0003796566802662,3.690753450884692e-05,-0.0004442981774353,0.0009185451329596,0.6951042799654006,0.0833169617879397,0.690873584173034,0.5437467935027358,0.8044114862873172
rf_baseline,random_forest,all,interpolation_random,rd_bt,0.8779759700129175,0.0191343094574295,0.877808251467279,0.8539302369829012,0.906844998706678,0.0062892863396393,0.0005286199462245,0.0064217444062601,0.005472729615531,0.0070293613257638,0.0020916098301494,0.0001831004607274,0.0020583974664975,0.0017895433806347,0.0024950080861024,70.3815361415099,19.12365107701348,68.78063849081538,37.89868734435517,98.92924502587758,-1.5878258906181816e-05,0.0003520906379158,4.027855784897178e-07,-0.0005811262996839,0.0004218000331856,0.6999687017975078,0.0538686090281166,0.7047920739465099,0.620552356732671,0.7813826336685501
rf_paper_sqrt,random_forest,all,interpolation_random,rd_bt,0.8711764884873828,0.0415656589544,0.87668109610312,0.765675127231418,0.9151285584866288,0.0064044658644951,0.0008869110684141,0.0061549457701073,0.005536985268939,0.0086186711350768,0.0019850992118675,0.0001238713476961,0.0019757363564943,0.0017663844280267,0.0021476162663633,72.52489987350539,29.47146430716091,62.733569386922525,39.19932143755054,134.19141519922405,-1.2953824297012623e-05,0.0003343015952602,-2.576133857639033e-05,-0.000632040523132,0.0004607013714651,0.7136137418139582,0.1016792693601677,0.6863597855800667,0.5923196364433005,0.9619222006331092
xgb_log_target_inverse,xgboost,all,interpolation_random,rd_bt,0.8672944276967482,0.0356577506721987,0.8687039854842322,0.8147845719512428,0.9204807734568192,0.0065052335684041,0.0007782987866331,0.006517449090367,0.0053595540169522,0.0078765953578371,0.0022931361093863,0.0003921708891754,0.0022856936124537,0.0017428065619858,0.0028782681828089,162.6189435747677,71.03342079229547,150.79688930435523,101.98635832732076,349.5403593443345,1.211601078557052e-06,0.000367297080328,1.009365567488724e-05,-0.0005274983586688,0.0004461741688098,0.7254482500334652,0.0956076873361654,0.7106956403545817,0.5733389078399421,0.8755610274991056
xgb_absoluteerror_sqrt,xgboost,all,interpolation_random,rd_bt,0.8677917122006577,0.0350035640215212,0.8727191395061926,0.8069714724795988,0.9095917354121492,0.0065221199238567,0.0008824927189427,0.0064773358937243,0.0050813473900834,0.0078224332056767,0.0021439049570193,0.0001837927113964,0.0021562852521107,0.0019271581096503,0.0024377582778977,83.96867049958112,49.19408252515263,73.68778871375417,38.491416339895714,214.57340773864777,-0.0001100468180721,0.0003886751689583,-0.0002109123811991,-0.0005951107894568,0.0004834029382551,0.7254587893134956,0.0928515633105443,0.715248805306856,0.5872368116169648,0.873054795290427
xgb_paper_inverse,xgboost,all,interpolation_random,rd_bt,0.8670339699108685,0.0231657228239446,0.8643352736550284,0.8402619182901996,0.9069487782350444,0.0065493251694677,0.0004761032154874,0.0066471290808424,0.0057976716921155,0.0071053708336993,0.002348536754323,0.0003142689698148,0.0022635137164133,0.0018437628731284,0.002793735333888,196.13732978182705,70.3487895107561,173.21847780596795,126.4040303878738,322.3493803880182,7.309667599691974e-05,0.0003903054066214,7.361479336815035e-05,-0.0007236121849356,0.0006270306295083,0.729809628233916,0.0592573941693837,0.7312012136974007,0.6202065965672101,0.7930241033155949
xgb_log_target_sqrt,xgboost,all,interpolation_random,rd_bt,0.8622066036840966,0.0605159190645966,0.878687908940239,0.7075842740735139,0.9263416703425184,0.0065560853169887,0.0011282882278498,0.0065467578413834,0.0051582633622934,0.0091171329874814,0.0022093324245837,0.0002480905888464,0.002292092869528,0.0017829707039239,0.0025578482357511,159.96820275437813,46.39180140572514,152.44961040824677,114.46081569741806,278.37895850892755,3.254410803437891e-05,0.0003795629205449,1.739078567282957e-05,-0.0006530899133417,0.0005418605996151,0.7318605685115036,0.1403266140621361,0.7053732038017761,0.5518058168895721,1.067639154425896
xgb_absoluteerror_inverse,xgboost,all,interpolation_random,rd_bt,0.8647768586671672,0.0228884356767663,0.862383041219596,0.8286198297043873,0.8965739561089481,0.0066259181630056,0.0006839668720023,0.0067589641341957,0.0054656684264852,0.0075514235507558,0.0023089558102735,0.0001551336017939,0.0023718530438479,0.0020405727164374,0.0025207958805054,89.75692451153101,28.1841470751504,79.64316714325352,56.02699356138783,149.24735307645204,-0.0002321845876874,0.0004408924650342,-0.0001602838070476,-0.001117003552148,0.0005261140139994,0.7366746793028749,0.0628766842757985,0.7502017397764216,0.6514840431145148,0.8226423022245589
xgb_paper_sqrt,xgboost,all,interpolation_random,rd_bt,0.8643171912262654,0.0151254913521378,0.8670822837613497,0.8396528187941057,0.881179978518121,0.0066443542439715,0.0004585717136055,0.0067424814473624,0.0058253179387695,0.0072627542435032,0.0023075952428439,0.0003372265844083,0.002228079567474,0.0019702806631976,0.0030279104921445,158.52181749669995,54.352755555253154,147.09988930879024,100.56449396432888,255.9234075346033,1.224236933168753e-05,0.0004086537604383,1.497011673495257e-05,-0.0008180465849391,0.0005057964377059,0.7392956684075219,0.0408625315202638,0.7352217624741075,0.673215364037917,0.807326551514179
xgb_pseudohuber_inverse,xgboost,all,interpolation_random,rd_bt,0.8540504946327099,0.0578713800559145,0.8657774535239833,0.7027487724367629,0.9041562393010804,0.0067678748841054,0.0009682544796312,0.0064625954986239,0.0059823831894402,0.0091922061515059,0.0023094998322041,0.0002860518372908,0.002190786538605,0.0020777639191526,0.0030435883001794,183.56911575895631,93.96042547103706,138.3065879707114,111.57353562269644,394.874004686106,8.006967027431985e-05,0.000356529595232,8.792106356992843e-05,-0.000677733718716,0.0005521475182361,0.755839836050495,0.1268943596653741,0.7168115493052142,0.6519589691958186,1.076430410346943
xgb_pseudohuber_sqrt,xgboost,all,interpolation_random,rd_bt,0.8534904672723516,0.0399945315400141,0.8602912527957665,0.7764710425695771,0.9063231978272734,0.006830382867882,0.0006927064867168,0.0067568435244199,0.0058171278274477,0.0079899068582412,0.0022834195448908,0.0002335493690209,0.0022472677774859,0.001911631769404,0.0026302701850134,169.5317567906899,56.047255143788185,177.6153013477345,87.24260232966975,254.49707008133413,4.320886439147975e-05,0.0003919076046317,-6.983580963160118e-05,-0.0006313659252511,0.0006158363724017,0.7620794215633311,0.092632134558064,0.7408507106532758,0.6222879188837439,0.923370725982392
rf_paper_inverse,random_forest,all,interpolation_random,rd_bt,0.8465115149759402,0.0370667874259933,0.8517217196341461,0.7736506697816559,0.9042520079990474,0.0070258803316274,0.000858318168478,0.0069240083326476,0.0058810844562985,0.0084707277062779,0.0022474623390989,0.0002647731176221,0.0023220305163996,0.0018367026795288,0.0026611033792143,126.78878056509583,55.44074034495199,146.41129911632456,43.03846409914544,217.20607013296345,3.698530152835705e-05,0.0004288406314481,3.811479590372128e-05,-0.0007505410855086,0.0006724111058562,0.7824116391331272,0.0950604912107377,0.7574624685210105,0.6291296866163728,0.9454103664571472
xgb_paper_bagging_sqrt,xgboost,all,interpolation_random,rd_bt,0.8031347702728295,0.051761252888586,0.7956885157127263,0.7032820357346115,0.8829343292169667,0.0079356677834057,0.0009426552732906,0.0081218725401972,0.0063689853296875,0.0090811935368861,0.0031193736531804,0.000469549184691,0.0030288218955603,0.0023851270933959,0.0040432471840469,209.35069366104344,79.70340599621194,218.89841241673565,96.03999556243107,376.4747674333391,-9.530097606447227e-05,0.0004166533287691,-0.0001335774048583,-0.0009656979634073,0.0004790601914337,0.8839070207999009,0.108663473644257,0.8968065711639732,0.6983536545710048,1.0824390028943782
knn_uniform_sqrt,knn,all,interpolation_random,rd_bt,0.7471533249349924,0.0466333258617183,0.7514233865588992,0.6972504669661892,0.8353190310086249,0.0090251079671308,0.0007164738558807,0.0091353852485487,0.0075540034079833,0.0099121849714221,0.0033218629943814,0.0002037792562135,0.0033627719755202,0.0028561012491781,0.0035619986850756,60.21036761972188,13.71603659251566,58.67909602687537,35.71931904196804,83.36733537302841,-3.286576285432294e-05,0.0005792345214174,0.0001927308763817,-0.0013131016732941,0.0004201718794026,1.0054087544917685,0.0837066016124823,1.0233934533727274,0.8282898473665916,1.08326740341849
knn_distance_inverse,knn,all,interpolation_random,rd_bt,0.7391214508531421,0.0466878938435428,0.7319789846265323,0.6449456293853799,0.8165690821396935,0.009174941899776,0.0006905082048188,0.0091337674397889,0.0081400832851726,0.0100462818625481,0.0034868022205483,0.000285818029442,0.0034241754497878,0.0031127679158448,0.0038612651451112,95.34074783687711,30.54509560945069,101.8597307541841,42.19831908386417,150.30569464141405,-0.0001241252546828,0.0005589410559849,-0.0001701122381891,-0.0013467934629473,0.000647835340875,1.0223237854756366,0.0850949731669864,1.024483356693896,0.8707863463424868,1.1764448196140722
knn_distance,knn,all,interpolation_random,rd_bt,0.7385406903690208,0.0468745733334101,0.7413797393706119,0.6593518860357113,0.800937860655458,0.0091833655239309,0.0006637751791527,0.0092312935328334,0.0078571538785046,0.0103916403831717,0.0033492481896974,0.0002102363690772,0.0033295130958832,0.0029479351559396,0.0036441491069193,61.474617519973904,13.652905052966952,55.22316126635886,49.41753084638136,95.19464436055796,-1.170984848758063e-05,0.0005670540542966,0.0001309669718398,-0.001068382642998,0.0005313335016099,1.0232459072292517,0.0827971287467407,1.0225782571275936,0.9071303027074168,1.1598017175624964
knn_distance_sqrt,knn,all,interpolation_random,rd_bt,0.7348284386004488,0.0327315056434072,0.7380600591116266,0.6644049405503301,0.7758629757162194,0.0092714542625738,0.0004043717939056,0.0092125256652957,0.0085289283000984,0.0098498242680208,0.0033966605554379,0.0001801693074947,0.0034336594345825,0.0030586885636742,0.003722728468113,65.07977374201452,16.1407707215612,62.65777687358956,34.66499704649609,90.62020183445986,-0.0001710298924905,0.0004541180574887,-5.907956764052567e-05,-0.0011276594345825,0.000453214990138,1.0328763616700851,0.0551028413425399,1.009093207711206,0.985663895216822,1.143752113180549
knn_uniform,knn,all,interpolation_random,rd_bt,0.7308034633980195,0.0522012543269481,0.7360132421122754,0.6386177141684855,0.8064063647534144,0.0093135227022726,0.0007653712473231,0.0094070108628739,0.0078246815819192,0.0102765043017397,0.0033980617667012,0.000274998278159,0.0033601786932457,0.0030254437869822,0.0038536557301582,60.03238389249534,8.93017555677785,59.71204436956477,48.48488748899709,76.11134372204903,2.0549340376362427e-05,0.0004783174402018,0.0002418176864516,-0.0009000446818891,0.0004929434302407,1.0378810000780274,0.0954763898525281,1.0409025983027151,0.8945834898255095,1.1868820463972567
knn_uniform_inverse,knn,all,interpolation_random,rd_bt,0.7182547518457603,0.0370026937495442,0.7323764472909419,0.6654194340921924,0.7653125248194328,0.0095581234131813,0.0005541433337861,0.0095459637964605,0.0086447241012227,0.0102895179150766,0.0036332696225936,0.0001961616065689,0.0036181711428299,0.0033399250493096,0.0040956629410475,94.7672264945294,24.486871661125548,84.00035382627536,71.17210354212979,138.0992328352486,-8.404548327974458e-05,0.0005449807319861,7.993668706137299e-05,-0.0012239132149901,0.0004483037475345,1.0641067808041622,0.0568540675480663,1.0463550393253058,0.999046085378346,1.1484039199548894
mlp_log_target_sqrt,mlp,all,interpolation_random,rd_bt,0.6777152669830993,0.0876469438676161,0.7115917799707522,0.5172314690791797,0.7737449456876433,0.0101692228355822,0.0013707899493489,0.0101075187309367,0.0080384805481411,0.0126588578627726,0.0050551638685482,0.0013230429486432,0.0047598575701097,0.0038000851280971,0.0079887752408671,486.1120277712451,309.5240346688059,348.7224411706179,180.12491053060145,1242.8042202204392,-0.0002422244055757,0.0020574929254037,-0.00072937746583,-0.0030503334170021,0.0042237762493051,1.1314127041888506,0.1449765801709351,1.0904279930700338,0.9289842486557168,1.3718088701016828
mlp_log_target_inverse,mlp,all,interpolation_random,rd_bt,0.6537957433392976,0.1260664662873529,0.6816911423445244,0.4037668957180776,0.8039877862312024,0.0104314621293134,0.0016049065128421,0.0105266471058319,0.0080379222509204,0.013018650556369,0.0059165841791146,0.0014823920736116,0.0055960803847997,0.004198629100578,0.0085363639032648,808.3707096420344,330.0140359224249,753.9490675723634,349.7163707515288,1382.5173594886814,-0.0006729639629148,0.0027848932618897,-0.0007902436987229,-0.0050430154826678,0.0041642213933455,1.163497597607097,0.1941991652941377,1.1511110415548964,0.900154191393886,1.52451665351957
svr_rbf,svr,all,interpolation_random,rd_bt,0.6470898853022933,0.0900625190301851,0.647939312446924,0.4992047448113319,0.7869646079926429,0.0106057263609657,0.0010643004662113,0.0104053204460569,0.0087724006543704,0.0124897910810034,0.0072775339981028,0.0004992949154473,0.0073334249828239,0.0061630463140935,0.0079588777930358,1622.658776517738,279.37335141280425,1615.4416122185426,1211.0515957316495,2119.707300469685,0.0011045957456752,0.0010386037666873,0.0010045263388269,-0.0005186334808296,0.0024176081640858,1.1833706250709473,0.1408263477599933,1.1756605116250003,0.9384285696911858,1.397186024456094
svr_rbf_inverse,svr,all,interpolation_random,rd_bt,0.6439517164462547,0.0570833682457364,0.6453902466147549,0.5421023208162623,0.7364316697846823,0.010717752452142,0.0005388532365903,0.0105905542296103,0.010043908666256,0.0118991475241934,0.0072478605243434,0.0002531539636599,0.0072282581923329,0.0068645423138027,0.0077127630465633,1697.7642058701229,324.45653270881803,1632.8780277393337,1270.8522700392502,2305.1466847041984,0.0002749965345442,0.0012010516041703,0.0007451848483341,-0.0015737726372445,0.0014972676745168,1.1942529431929636,0.0731128927581262,1.1963619007421928,1.081147513799421,1.3046210492916863
svr_rbf_sqrt,svr,all,interpolation_random,rd_bt,0.6285950854095042,0.080504869907831,0.6423557496708252,0.4691841867864096,0.7278351157403188,0.0109147916294099,0.0008208882434396,0.010632042640572,0.0099153631274071,0.0122837184415656,0.0072852346482817,0.0005490913090785,0.0074518056367158,0.006309046819789,0.0080480077604213,1653.7512466703276,247.83982112944105,1616.801212513608,1354.3301220810906,2223.146793873845,0.0008212188340098,0.0013569404383708,0.0006320251442526,-0.0012454394017759,0.0034827778107581,1.2169595988843915,0.1117221240711127,1.203551119510328,1.060697111797528,1.438454258390908
svr_linear,svr,all,interpolation_random,rd_bt,0.3734045381824673,0.1112964718993425,0.3893345317355617,0.0739672636410181,0.475535199994666,0.0142557037503198,0.0013037812496551,0.014357944945346,0.0122386352892845,0.0164191145820185,0.0076685538340451,0.0003654885713828,0.0076436031057611,0.0069011291750591,0.0082203572893444,1534.9351684897426,256.3276800735022,1449.5148444381985,1265.7232527662777,1989.0613634364663,-0.00130099123381,0.0011585617439296,-0.0011496283251917,-0.0031477488503331,0.0011188482464994,1.5870570230853396,0.142144921504167,1.568434765802945,1.4143841414676963,1.912250055014976
